token,decision_date,res_date,settle_date,price,ep,volume,outcome,exit_value,exited_early,reason,saved,capped,ret,hold
16089502285715435437562615795573134003254593059489358511668863095586726453790,2024-09-27,2024-09-30 12:00:00,2024-09-30 12:00:00,0.09,0.12,10886668.249385,1.0,1.0,False,settle,False,False,7.333333333333334,3
70600361638677588796777424567218334032905836716539802937518727902043802064967,2024-10-23,2024-10-30 00:00:00,2024-10-31 12:00:00,0.07,0.1,27780153.857752,1.0,0.968,True,tp,False,True,8.68,7
85290267909911820861145083593378862676389642289651946031594690199915872220140,2025-01-11,2025-01-18 00:00:00,2025-01-31 12:00:00,0.3,0.32999999999999996,5244881.520466,1.0,0.9625,True,tp,False,True,1.916666666666667,7
98945477733637858465450962476891912492157644608695960144630357224784270311308,2025-04-27,2025-04-30 12:00:00,2025-04-30 12:00:00,0.145,0.175,6833523.777216,1.0,1.0,False,settle,False,False,4.714285714285714,3
51206068829202482808997744250457558395293933138002765306124728156263180732277,2025-05-25,2025-05-31 12:00:00,2025-05-31 12:00:00,0.0235,0.0535,7157114.275138,0.0,0.0,False,settle,False,False,-1.0,6
104422628167008936761369987037644290616132270285833438344290407852434763283031,2025-08-21,2025-08-27 00:00:00,2025-08-31 00:00:00,0.075,0.105,13308140.845727,1.0,0.9695,True,tp,False,True,8.233333333333334,6
23028521999247191382509592533623778873794992301540637683293130012707749906822,2025-08-25,2025-08-31 00:00:00,2025-08-31 00:00:00,0.0355,0.0655,7169803.747769,0.0,0.0,False,settle,False,False,-1.0,6
112153211444214182757126683681310695535349495723244421328848029931818025518629,2025-09-12,2025-09-19 00:00:00,2025-09-30 00:00:00,0.29,0.31999999999999995,8030505.614676,1.0,0.9695,True,tp,False,True,2.0296875000000005,7
15461670030269596072172127340496163534572905073644815010778053425331247529047,2025-09-24,2025-09-30 00:00:00,2025-09-30 00:00:00,0.037,0.067,5951176.84486,0.0,0.0,False,settle,False,False,-1.0,6
12298534257444001884937921623870379302114021174249636016528689384587223402293,2025-09-28,2025-09-30 00:00:00,2025-09-30 00:00:00,0.107,0.137,6805884.965751,0.0,0.0,False,settle,False,False,-1.0,2
8056974132757317296200280829846107035608526850837286443271605113602493796577,2025-10-02,2025-10-10 00:00:00,2025-10-10 00:00:00,0.085,0.115,5865684.505132,1.0,1.0,False,settle,False,False,7.695652173913043,8
84317838341548518890483114460509081388373631447961519857517678607306651005749,2025-10-02,2025-10-08 00:00:00,2025-10-31 00:00:00,0.265,0.29500000000000004,6659880.871753,1.0,0.575,True,tp,False,True,0.949152542372881,6
59081599675814278203312473759248819008347370698283370623500151690444709260342,2025-11-24,2025-11-30 00:00:00,2025-11-30 00:00:00,0.0245,0.0545,4903949.131287,0.0,0.0,False,settle,False,False,-1.0,6
86498068750018438192524977941980476748299785729870940867089250086714498791178,2025-12-27,2025-12-31 00:00:00,2025-12-31 00:00:00,0.0645,0.0945,6161817.701307,1.0,1.0,False,settle,False,False,9.582010582010582,4
58194798786674267467235696472878300864943462064955274098210719743062794563955,2025-12-29,2025-12-31 00:00:00,2025-12-31 00:00:00,0.0685,0.0985,51073020.592839,0.0,0.0,False,settle,False,False,-1.0,2
103241255058165102643825411501787969136236666540181824742551260204317143218760,2026-02-21,2026-02-28 00:00:00,2026-02-28 00:00:00,0.0295,0.0595,4604644.048422,0.0,0.0,False,settle,False,False,-1.0,7
40785716512154576515459243689202568309525193875518923120378208451954796944952,2026-02-21,2026-02-28 00:00:00,2026-02-28 00:00:00,0.175,0.205,5006328.70815,1.0,1.0,False,settle,False,False,3.8780487804878048,7
70771354585365381988139008309072205730081182435161568795508496003376222185889,2026-02-25,2026-03-03 00:00:00,2026-03-31 00:00:00,0.205,0.235,63238697.721704,1.0,0.9685,True,tp,False,True,3.121276595744681,6
15052934213634595778860506780061300924840406606782657138856492802067972899387,2026-02-25,2026-02-28 00:00:00,2026-02-28 00:00:00,0.061,0.091,5837356.570176992,1.0,1.0,False,settle,False,False,9.989010989010989,3
70700057183383598906691442221231569482859652786078566590114262794666826152942,2026-02-25,2026-02-28 00:00:00,2026-02-28 00:00:00,0.1295,0.1595,5031421.008729,1.0,1.0,False,settle,False,False,5.269592476489028,3
34141894076461090122188007837560653115836547685839714096383156529096483178653,2026-05-25,2026-05-31 23:55:00,2026-05-31 23:55:00,0.0205,0.0505,11190577.830452636,0.0,0.0,False,settle,False,False,-1.0,6
72094069823942324362885404801938332659316240217382754851102758232469673300092,2026-05-25,2026-05-31 00:00:00,2026-05-31 00:00:00,0.235,0.265,87888981.28583376,0.0,0.0,False,settle,False,False,-1.0,6
110474507112100782314899291119134194443200805577700445554821199693457132940419,2026-05-25,2026-05-31 00:00:00,2026-05-31 00:00:00,0.309,0.33899999999999997,8565902.329688976,0.0,0.0,False,settle,False,False,-1.0,6
74212672038111642338418441232512878463316619437420953019668868649846340962463,2026-05-25,2026-05-31 00:00:00,2026-05-31 00:00:00,0.1725,0.20249999999999999,6905766.889778924,0.0,0.0,False,settle,False,False,-1.0,6
2524866258201703875345714303520627683687425586066606325407691453627204155882,2026-05-25,2026-05-31 00:00:00,2026-05-31 00:00:00,0.117,0.14700000000000002,5030217.856878972,0.0,0.0,False,settle,False,False,-1.0,6
75368773924796889692244095268680530845326674028335428890799102675233506021923,2026-06-01,2026-06-30 00:00:00,2026-06-30 00:00:00,0.245,0.275,5783487.7468069885,0.0,0.0,False,settle,False,False,-1.0,29
55729187700220621940979114092031096586154133673216433038757883725632922111626,2026-06-01,2026-06-07 00:00:00,2026-06-07 00:00:00,0.24,0.27,16734226.137969712,1.0,0.9695,True,tp,False,True,2.5907407407407406,6
15995243820336177841554632127584222169952027258346817014909996961549144471612,2026-06-01,2026-06-07 00:00:00,2026-06-07 00:00:00,0.095,0.125,19099091.53422705,0.0,0.0,False,settle,False,False,-1.0,6
5291002486403963698456394956934053310121036253546476549622050243362322115551,2026-06-05,2026-06-10 00:00:00,2026-06-15 00:00:00,0.0975,0.1275,4863883.8464060025,1.0,0.9695,True,tp,False,True,6.6039215686274515,5
76527061745629652908457766004409984899987000940094360145808443814083595137867,2026-06-05,2026-06-10 00:00:00,2026-06-30 00:00:00,0.194,0.224,5867679.048141011,1.0,0.9695,True,tp,False,True,3.328125,5
85757990385932534706988299079078754922989820036885446531805601375736781656061,2026-06-05,2026-06-08 00:00:00,2026-06-08 00:00:00,0.055,0.08499999999999999,11787943.203117052,1.0,1.0,False,settle,False,False,10.764705882352942,3
68283792174293775430535402015214113701251372409839518501034763677920213819299,2026-06-08,2026-06-30 00:00:00,2026-06-30 00:00:00,0.235,0.265,11324069.03899108,1.0,1.0,False,settle,False,False,2.773584905660377,22
110552230042207377373769436375815103661291329913875427644565116020841414815329,2026-06-09,2026-06-15 00:00:00,2026-06-15 00:00:00,0.125,0.155,5651393.65295098,0.0,0.0,False,settle,False,False,-1.0,6
5904694069529905826680225678119990013628860098514322777023141327768111791078,2026-06-11,2026-06-15 00:00:00,2026-06-15 00:00:00,0.039,0.069,177370818.43892464,1.0,1.0,False,settle,False,False,13.492753623188404,4
107259278816298402654822103861927486042412499982187590917424237525323082866574,2026-06-14,2026-06-21 19:00:00,2026-06-21 19:00:00,0.115,0.14500000000000002,5451862.159343886,0.0,0.0,False,settle,False,False,-1.0,7
