gecko_id,symbol,adapters,category,alltime_fees,price_start,price_days
aave,AAVE,aave-v3|aave-v2,Lending,2282297314.0,2020-10-03,1843
across-protocol,ACX,across,Cross Chain Bridge,18740626.0,2022-11-28,1220
adrena,ADX,adrena-protocol,Derivatives,10746539.270000001,2024-09-27,671
aerodrome-finance,AERO,aerodrome-slipstream|aerodrome-v1,Dexs,536025481.0,2023-09-15,883
aethir,ATH,aethir,Developer Tools,178831316.26999998,2024-06-13,664
ami,AMI,amnis-finance,Liquid Staking,13583951.0,2025-03-26,517
ankr,ANKR,ankr,Liquid Staking,10884422.0,2019-03-07,2494
apex-token-2,-,apex-omni|apex-pro,Derivatives,40821152.0,2022-04-27,1342
arbitrum,,arbitrum,Chain,169301636.0,2023-03-24,1044
aura-finance,AURA,aura,Yield,36267573.0,2022-06-16,1380
avalanche-2,,avalanche,Chain,91677752.0,2020-09-23,1831
avalon-2,AVL,avalon-usda,CDP,11194953.0,2025-02-12,503
avantis,AVNT,avantis,Derivatives,24117269.0,2025-09-09,296
axie-infinity,AXS,axie-infinity,Gaming,1413391241.73,2020-11-05,1812
balancer,BAL,balancer-v1|balancer-v2|balancer-v3,Dexs,301492182.0,2020-06-24,2066
banana-gun,BANANA,banana-gun,Telegram Bot,87070156.0,2023-09-15,945
bancor,BNT,bancor-v2.1,Dexs,60319284.72999999,2019-01-01,2623
bankercoin-2,BNKR,bankr,Interface,33357809.0,2024-12-10,602
ben-pasternak,LAUNCHCOIN,launch-coin-on-believe,Launchpad,40910391.41,2025-01-24,547
benqi,QI,benqi-staked-avax|benqi-lending,Liquid Staking,72544644.0,2021-08-20,1696
bifrost-native-coin,BNC,bifrost-liquid-staking,Liquid Staking,16730910.0,2021-10-22,1588
binancecoin,,bsc,Chain,2061602336.0,2019-01-01,2505
biswap,BSW,biswap-v2,Dexs,87812160.75999999,2021-07-05,1664
bitcoin,,bitcoin,Chain,4438706130.0,2019-01-01,2524
bitlayer-bitvm,,bitlayer,Chain,25704916.0,2025-08-28,348
blackhole,BLACK,blackhole-clmm,Dexs,18848996.0,2025-07-16,410
blast,,blast,Chain,13845217.289999997,2019-01-01,1768
bluefin,BLUE,bluefin-spot|bluefin-legacy,Dexs,40134689.0,2024-12-11,593
blur,BLUR,blur-bids,NFT Marketplace,70820755.25999999,2023-02-14,1128
bone-shibaswap,BONE,shibaswap-v1,Dexs,52971643.96,2021-07-07,1715
camelot-token,GRAIL,camelot-v3|camelot-v2,Dexs,54580566.019999996,2022-12-08,1254
canton-network,,canton,Chain,615588758.0,2025-11-11,248
cardano,,cardano,Chain,27639799.0,2019-01-01,2469
centrifuge-2,CFG,centrifuge-protocol,RWA,65544820.0,2025-05-21,432
cetus-protocol,CETUS,cetus-clmm,Dexs,101361333.0,2023-05-11,1054
chainflip,FLIP,chainflip-amm,Dexs,22361588.0,2023-11-23,980
chainlink,LINK,chainlink-staking,Services,64290054.0,2019-01-01,2481
chip-2,CHIP,usd-ai,RWA Lending,24480250.04,2026-04-22,121
collector-crypt,CARDS,collector-crypt,Physical TCG,89801333.0,2025-08-30,360
compound-governance-token,COMP,compound-v2|compound-v3,Lending,573632209.0,2020-06-16,1969
convex-finance,CVX,convex-finance,Yield,372811814.0,2021-05-18,1701
cow-protocol,COW,cowswap,DEX Aggregator,67666630.0,2022-03-29,1372
crypto-com-chain,CRO,defi-swap|cronos,Dexs,31314591.0,2019-01-02,2500
curve-dao-token,CRV,curve-dex|crvusd,Dexs,718899394.0,2020-08-14,1876
debridge,DBR,debridge,Bridge,29030698.0,2024-10-17,609
dextools,DEXT,dextools,Coins Tracker,16509636.0,2020-06-11,2089
dodo,DODO,dodo-amm,Dexs,62544415.0,2020-10-01,1953
dogecoin,,doge,Chain,14195654.0,2019-01-01,2457
dolomite,DOLO,dolomite,Lending,18036155.0,2025-04-24,461
doublezero,2Z,doublezero-staked-sol,Liquid Staking,60438134.519999996,2025-10-03,297
drift-protocol,DRIFT,drift-trade|drift-staked-sol,Derivatives,67000956.28,2024-05-17,719
dydx-chain,dYdX,dydx-v4|dydx-v3,Derivatives,98421648.0,2023-11-27,871
echelon-token,ELON,echelon-market,Lending,17317472.0,2026-02-02,209
edgex,EDGE,edgex-perps|edgex-v2,Derivatives,343537318.0,2026-03-31,139
eigenlayer,EIGEN,eigencloud,Restaking,162010182.30999997,2024-10-02,549
ethena,ENA,ethena-usde,Basis Trading,1038576011.4900004,2024-04-03,724
ethereum,,ethereum,Chain,20567157535.0,2019-01-01,2501
ethereum-name-service,ENS,ens,Domains,112621385.0,2021-11-09,1447
etherex,REX,etherex-cl,Dexs,13068939.23,2025-08-07,388
euler,EUL,euler-v2,Lending,87735319.0,2022-06-24,1373
fantom,,fantom,Chain,36553076.63000001,2019-01-01,2495
fjord-foundry,FJO,fjord-v2,Launchpad,13723065.0,2024-04-20,825
flash-trade,FAF,flashtrade,Derivatives,15300007.0,2025-04-17,504
frax-share,FRAX,frax-ether|frax-swap,Liquid Staking,56434264.92,2020-12-21,1830
fulcrom,FUL,fulcrom-perps,Derivatives,15800072.0,2023-04-05,1171
fxn-token,FXN,fx-protocol,Dual-Token Stablecoin,14317433.9,2023-09-30,973
gains-network,GNS,gains-network,Derivatives,61912667.0,2021-11-02,1606
gamma-strategies,GAMMA,gamma,Liquidity Manager,58076787.0,2021-12-27,1264
gearbox,GEAR,gearbox,Lending,22783907.0,2022-12-19,1252
geist-finance,GEIST,geist-finance,Lending,47278805.0,2021-10-07,543
geodnet,GEOD,geodnet,Oracle,11885713.0,2023-09-07,1018
gmx,GMX,gmx-v1-perps|gmx-v2-perps,Derivatives,465489053.0,2021-09-14,1584
godl-2,GODL,godl-protocol,Gamified Mining,14055006.0,2025-12-13,266
goldfinch,GFI,goldfinch,RWA Lending,32767113.489999983,2022-01-11,1537
hash-2,,provenance,Chain,10739367.0,2025-05-30,461
havven,SNX,synthetix-v1+v2,Synthetics,81338627.0,2019-01-01,2471
hawksight,HAWK,hawkfi,Liquidity Manager,49257451.0,2022-04-21,1288
hmx,HMX,hmx,Derivatives,22937567.0,2023-08-08,733
hyperlend,HPL,hyperlend-pooled,Lending,12416731.0,2026-03-04,186
hyperliquid,HYPE,hyperliquid-perps|hyperliquid-spot-orderbook|hyperliquid-l1,Derivatives,1530648193.0,2024-11-29,503
hyperswap,SWAP,hyperswap-v3,Dexs,15439079.54,2025-10-21,315
injective-protocol,,injective,Chain,39016993.0,2020-10-22,1807
instadapp,FLUID,fluid-lending|fluid-dex,Lending,138962621.0,2021-06-17,1696
internet-computer,,icp,Chain,20964296.0,2021-05-11,1628
inverse-finance,INV,inverse-finance-firm,CDP,12615136.0,2021-03-06,1846
jito-governance-token,-,jito-mev-tips|jito-liquid-staking|jito-dao,MEV,1803928785.07,2023-12-08,808
jupiter-exchange-solana,JUP,jupiter-perpetual-exchange|jupiter-aggregator|jupiter-staked-sol|jupiter-lend|jupiter-dca,Derivatives,1091612559.87,2024-02-01,772
just,JST,justlend-v1,Lending,21346672.0,2020-05-08,2011
kiloex,KILO,kiloex,Derivatives,13794862.950000003,2025-03-28,517
kinetiq,KNTQ,kinetiq-khype,Liquid Staking,26958523.0,2025-11-27,282
kodiak-finance,KDK,kodiak-v3,Dexs,10735973.0,2025-12-24,257
ktx-finance,KTC,ktx-perps,Derivatives,27237701.0,2023-06-05,676
kwenta,KWENTA,kwenta,Derivatives,21771837.0,2022-11-18,1058
kyber-network-crystal,KNC,kyberswap-aggregator|kyberswap-elastic,DEX Aggregator,45027467.0,2021-05-19,1705
lab,LAB,lab-terminal,Trading App,12367428.0,2025-10-14,268
layerzero,ZRO,layerzero-v1|layerzero-v2,Bridge,75813635.71000001,2024-06-21,637
level,LVL,level-perps,Derivatives,34326504.0,2023-01-03,1201
lido-dao,LDO,lido,Liquid Staking,3322578672.0,2021-01-06,1771
lifinity,LFNTY,lifinity-v1,Dexs,18682927.0,2022-05-05,1384
lighter,LIT,lighter-perps,Derivatives,74191085.0,2025-12-30,206
limitless-3,LMTS,limitless-exchange,Prediction Market,13951962.0,2025-10-23,318
liquity,LQTY,liquity-v1,CDP,84832569.84000003,2021-04-06,1723
lista,LISTA,lista-lending|lista-liquid-staking|lista-cdp,Lending,38261076.629999995,2024-06-21,720
looksrare,LOOKS,looksrare,NFT Marketplace,611431533.0,2022-01-10,1541
looter,LOOTER,looter,Trading App,18790383.0,2024-03-08,387
lynex,LYNX,lynex-v2,Dexs,10085485.0,2024-02-16,899
mantle,,mantle,Chain,10579518.0,2022-04-29,937
mcdex,MCB,mux-perps,Derivatives,33239917.31,2020-07-14,2054
metaplex,MPLX,metaplex,Launchpad,48077839.0,2022-09-20,1288
meteora,MET,meteora-dlmm|meteora-damm-v2|meteora-damm-v1|meteora-dynamic-bonding-curve,Dexs,1468831874.0,2025-10-24,266
meth-protocol,COOK,meth-protocol,Liquid Staking,112638783.0,2024-10-30,669
metronome,MET,metronome-synth,Synthetics,20663499.169999998,2019-01-01,2584
momentum-3,MMT,momentum,Dexs,18470643.0,2025-11-04,276
moonwell-artemis,WELL,moonwell-lending,Lending,23953043.0,2022-06-24,1371
morpho,MORPHO,morpho-blue,Lending,342428819.0,2024-11-20,525
navi,NAVX,navi-lending,Lending,38391311.0,2024-02-08,915
near,NEAR,near-intents|near,Bridge,63377415.980000004,2020-10-15,1839
nxm,NXM,nexus-mutual,Insurance,17203039.400000002,2020-07-13,2033
ondo-finance,ONDO,ondo-yield-assets,RWA,81932601.0,2024-01-18,784
opinion,OPN,opinion,Prediction Market,17486683.0,2026-03-05,154
optimism,-,superchain|op-mainnet,Services,197788529.0,2022-06-01,1297
orca,ORCA,orca-dex,Dexs,227344533.0,2021-08-11,1594
orderly-network,ORDER,orderly-perps,Derivatives,13976738.0,2024-08-26,662
ore,ORE,ore-protocol,Gamified Mining,38443836.0,2024-04-09,849
osmosis,OSMO,osmosis-dex,Dexs,66250819.0,2021-06-29,1676
paal-ai,PAAL,paal-ai,Telegram Bot,14267513.0,2023-06-24,1060
pancakeswap-token,CAKE,pancakeswap-amm|pancakeswap-amm-v3|pancakeswap-prediction|pancakeswap-infinity,Dexs,1786946416.18,2020-09-30,1864
pangolin,PNG,pangolin-v2,Dexs,54062867.0,2021-02-20,1841
paradex,DIME,paradex-perps,Derivatives,17804423.0,2026-03-05,183
pendle,PENDLE,pendle-v2,Yield,66512483.0,2021-04-29,1666
penpie,PNP,penpie,Yield,12524530.709999995,2023-06-23,1046
pharaoh-2,PHAR,pharaoh-cl,Dexs,16862882.390000015,2025-10-15,309
polygon-ecosystem-token,,polygon,Chain,119257183.0,2023-10-26,863
puffer-finance,PUFFER,puffer-stake,Liquid Restaking,36738794.02,2024-10-14,612
pulsex,PLSX,pulsex-v1|pulsex-v2,Dexs,40021214.0,2023-05-20,1069
pump-fun,PUMP,pump.fun|pumpswap|terminal,Launchpad,2065606646.0,2025-07-14,326
quickswap,QUICK,quickswap-dex|quickswap-v3,Dexs,225527475.0,2022-05-04,1425
radiant-capital,RDNT,radiant-v2,Lending,29491892.77000002,2022-07-26,1332
railgun,RAIL,railgun,Privacy,13413488.0,2021-07-04,1707
raydium,RAY,raydium-amm|launchlab,Dexs,1441414292.0,2021-02-22,1721
renzo,REZ,renzo,Liquid Restaking,51345962.0,2024-05-01,755
reserve-rights-token,RSR,reserve-protocol,Indexes,13932835.86,2019-05-23,2372
resolv,RESOLV,resolv-usr,Basis Trading,36384792.0,2025-06-11,376
rocket-pool,RPL,rocket-pool,Liquid Staking,212863848.0,2019-01-01,2434
sanctum-2,CLOUD,sanctum-validator-lsts,Liquid Staking,217087757.0,2024-07-19,756
save,SAVE,save,Lending,22255233.0,2024-12-13,624
scallop-2,SCA,scallop-lend,Lending,17964764.0,2024-03-08,894
scroll,,scroll,Chain,42933385.20999999,2024-10-23,587
shadow-2,SHADOW,shadow-exchange-clmm,Dexs,35175411.7,2025-01-19,564
sideshift-token,XAI,sideshift,Cross Chain Bridge,14626382.0,2021-05-21,1690
silo-finance-2,SILO,silo-v2,Lending,16160121.0,2025-05-10,380
solana,,solana,Chain,1588952518.0,2020-04-11,1982
solayer,LAYER,solayer-restaking,Restaking,10632637.040000001,2025-02-12,456
solblaze,BLZE,blazestake,Liquid Staking,23210883.11000001,2022-12-05,1047
soltradingbot,STBOT,soltradingbot,Telegram Bot,53844115.0,2023-11-21,762
solv-protocol,SOLV,solvbtc,Bridge,53041504.02,2025-01-18,512
sosovalue,SOSO,sosovalue-indexes,Indexes,45584535.0,2025-01-24,556
spark-2,SPK,sparklend|spark-liquidity-layer,Lending,354064992.0,2025-06-17,348
spell-token,SPELL,abracadabra-spell,CDP,77757977.23999996,2021-05-28,1702
spookyswap,BOO,spookyswap-v2,Dexs,133975705.42,2021-05-05,1741
stader,SD,stader,Liquid Staking,16548838.0,2022-03-15,1474
stake-link,SDL,stake.link-liquid,Liquid Staking,13462305.0,2022-12-06,1221
stakewise,SWISE,stakewise-v3,Liquid Staking,41469955.0,2021-04-28,1618
stargate-finance,STG,stargate-v1,Cross Chain Bridge,33277346.020000007,2022-03-18,1427
starknet,,starknet,Chain,45686624.0,2024-02-20,761
ston-2,STON,ston.fi,Dexs,20171280.65,2023-08-12,1018
stride,STRD,stride,Liquid Staking,21851665.0,2022-09-14,1290
sui,,sui,Chain,25382463.0,2023-05-03,982
suilend,SEND,suilend,Lending,43114587.0,2024-12-13,624
sun-token,SUN,sunswap-v3|sunswap-v2,Dexs,57699431.0,2020-09-12,1878
sushi,SUSHI,sushiswap|sushiswap-v3|sushiswap-agg,Dexs,711716633.42,2020-08-29,1905
swell-network,SWELL,swell-liquid-staking,Liquid Staking,24460912.0,2024-09-30,612
synapse-2,SYN,synapse-cross-chain-bridge,Cross Chain Bridge,31781855.60000002,2021-08-30,1615
synfutures,F,synfutures-v3,Derivatives,61168273.0,2024-12-06,577
syrup,SYRUP,maple,Lending,194075988.96000004,2024-11-14,558
tezos,,tezos,Chain,15889718.0,2019-01-01,2505
the-open-network,,ton,Chain,17387379.0,2021-08-27,1539
thena,THE,thena-fusion,Dexs,24500976.0,2023-01-30,1119
thorchain,RUNE,thorchain-dex,Dexs,170685349.0,2019-07-20,2274
tokenlon,LON,tokenlon-amm,Dexs,72411281.0,2020-12-24,1923
tron,,tron,Chain,2118173395.0,2019-01-01,2465
trust-wallet-token,TWT,trust-wallet-wallet,Wallets,35021221.0,2020-04-29,2040
unibot,UNIBOT,unibot,Telegram Bot,29278050.48,2023-05-21,1108
unicrypt-2,UNCX,uncx-network-v2,Token Locker,14397282.760000007,2020-10-21,1814
uniswap,UNI,uniswap-v3|uniswap-v2|uniswap-v4,Dexs,5873802841.0,2020-09-17,1856
usdx-money-usdx,USDX,stables-labs-usdx,Basis Trading,14475709.0,2024-09-27,623
usual,USUAL,usual-usd0,RWA,75131354.0,2024-11-18,537
vault-2,V,the-vault-liquid-staking,Liquid Staking,22210354.189999998,2025-11-25,219
velodrome-finance,VELO,velodrome-v2|velodrome-v3,Dexs,45099985.89,2022-06-03,1335
velora,VLR,velora,DEX Aggregator,19554448.0,2025-09-16,339
vertex-protocol,VRTX,vertex-perps,Derivatives,30421960.0,2023-11-22,731
virtual-protocol,VIRTUAL,virtuals-protocol,AI Agents,73869044.0,2023-12-28,805
vvs-finance,VVS,vvs-standard,Dexs,17875831.0,2021-11-16,1566
wigoswap,WIGO,wigoswap,Dexs,20859732.190000024,2022-03-01,1175
world-liberty-financial,WLFI,world-liberty-financial,Lending,141402450.0,2025-09-01,286
yearn-finance,YFI,yearn-finance,Yield Aggregator,148208999.0,2020-07-19,1946
yei-finance,CLO,yeilend,Lending,13076327.0,2025-10-14,299
yolo-games,YOLO,yolo-games,Gaming,22530591.689999998,2024-06-15,488
zksync,,zksync-era,Chain,86183933.0,2024-06-18,651
zora,ZORA,zora-coins,Launchpad,10430062.0,2025-04-23,397
