horizon_d,price,outcome,t_res,question
7,0.6655,1.0,2024-11-06,Will Donald Trump win the 2024 US Presidentia
3,0.5585,1.0,2024-11-06,Will Donald Trump win the 2024 US Presidentia
1,0.5855,1.0,2024-11-06,Will Donald Trump win the 2024 US Presidentia
7,0.3345,0.0,2024-11-06,Will Kamala Harris win the 2024 US Presidenti
3,0.4415,0.0,2024-11-06,Will Kamala Harris win the 2024 US Presidenti
1,0.4145,0.0,2024-11-06,Will Kamala Harris win the 2024 US Presidenti
7,0.9935,1.0,2025-01-20,Will Donald Trump be inaugurated?
3,0.9945,1.0,2025-01-20,Will Donald Trump be inaugurated?
1,0.9915,1.0,2025-01-20,Will Donald Trump be inaugurated?
7,0.0005,0.0,2025-04-17,Will the Sacramento Kings win the 2025 NBA Fi
3,0.0005,0.0,2025-04-17,Will the Sacramento Kings win the 2025 NBA Fi
1,0.0005,0.0,2025-04-17,Will the Sacramento Kings win the 2025 NBA Fi
7,0.0705,0.0,2026-06-04,"MicroStrategy sells any Bitcoin by May 31, 20"
3,0.123,0.0,2026-06-04,"MicroStrategy sells any Bitcoin by May 31, 20"
1,0.0085,0.0,2026-06-04,"MicroStrategy sells any Bitcoin by May 31, 20"
7,0.0015,0.0,2025-05-01,Will Nicolae Ciucă win the 2024 Romanian Pres
3,0.0015,0.0,2025-05-01,Will Nicolae Ciucă win the 2024 Romanian Pres
1,0.0015,0.0,2025-05-01,Will Nicolae Ciucă win the 2024 Romanian Pres
7,0.585,1.0,2026-04-09,US forces enter Iran by April 30?
3,0.915,1.0,2026-04-09,US forces enter Iran by April 30?
1,0.915,1.0,2026-04-09,US forces enter Iran by April 30?
7,0.0095,0.0,2025-07-09,Will Zelenskyy wear a suit before July?
3,0.0125,0.0,2025-07-09,Will Zelenskyy wear a suit before July?
1,0.032,0.0,2025-07-09,Will Zelenskyy wear a suit before July?
7,0.0005,0.0,2024-11-06,Will any other Republican Politician win the 
3,0.0005,0.0,2024-11-06,Will any other Republican Politician win the 
1,0.0005,0.0,2024-11-06,Will any other Republican Politician win the 
7,0.0015,0.0,2026-01-28,Fed decreases interest rates by 50+ bps after
3,0.0005,0.0,2026-01-28,Fed decreases interest rates by 50+ bps after
1,0.0005,0.0,2026-01-28,Fed decreases interest rates by 50+ bps after
7,0.0005,0.0,2026-01-28,Fed increases interest rates by 25+ bps after
3,0.0005,0.0,2026-01-28,Fed increases interest rates by 25+ bps after
1,0.0015,0.0,2026-01-28,Fed increases interest rates by 25+ bps after
7,0.0015,0.0,2026-05-01,"US x Iran ceasefire extended by April 22, 202"
3,0.0025,0.0,2026-05-01,"US x Iran ceasefire extended by April 22, 202"
1,0.0025,0.0,2026-05-01,"US x Iran ceasefire extended by April 22, 202"
7,0.039,1.0,2026-06-18,"US x Iran permanent peace deal by June 15, 20"
3,0.8155,1.0,2026-06-18,"US x Iran permanent peace deal by June 15, 20"
1,0.9945,1.0,2026-06-18,"US x Iran permanent peace deal by June 15, 20"
7,0.105,1.0,2026-04-09,US x Iran ceasefire by April 7?
3,0.105,1.0,2026-04-09,US x Iran ceasefire by April 7?
1,0.105,1.0,2026-04-09,US x Iran ceasefire by April 7?
7,0.0025,0.0,2026-03-18,Will the Fed increase interest rates by 25+ b
3,0.0015,0.0,2026-03-18,Will the Fed increase interest rates by 25+ b
1,0.0005,0.0,2026-03-18,Will the Fed increase interest rates by 25+ b
7,0.7265,0.0,2024-11-12,Kamala Harris wins the popular vote?
3,0.0025,0.0,2024-11-12,Kamala Harris wins the popular vote?
1,0.002,0.0,2024-11-12,Kamala Harris wins the popular vote?
7,0.0075,0.0,2025-12-10,Fed decreases interest rates by 50+ bps after
3,0.0065,0.0,2025-12-10,Fed decreases interest rates by 50+ bps after
1,0.008,0.0,2025-12-10,Fed decreases interest rates by 50+ bps after
7,0.725,1.0,2026-02-04,US government shutdown Saturday?
3,0.9955,1.0,2026-02-04,US government shutdown Saturday?
1,0.9975,1.0,2026-02-04,US government shutdown Saturday?
7,0.0005,0.0,2025-04-02,Will the Toronto Raptors win the 2025 NBA Fin
3,0.0005,0.0,2025-04-02,Will the Toronto Raptors win the 2025 NBA Fin
1,0.0005,0.0,2025-04-02,Will the Toronto Raptors win the 2025 NBA Fin
7,0.0005,0.0,2024-11-06,Will Michelle Obama win the 2024 US President
3,0.0005,0.0,2024-11-06,Will Michelle Obama win the 2024 US President
1,0.0005,0.0,2024-11-06,Will Michelle Obama win the 2024 US President
7,0.8825,1.0,2025-11-05,Will Zohran Mamdani win the 2025 NYC mayoral 
3,0.9345,1.0,2025-11-05,Will Zohran Mamdani win the 2025 NYC mayoral 
1,0.9095,1.0,2025-11-05,Will Zohran Mamdani win the 2025 NYC mayoral 
7,0.0005,0.0,2024-11-06,Will Robert F. Kennedy Jr. win the 2024 US Pr
3,0.0005,0.0,2024-11-06,Will Robert F. Kennedy Jr. win the 2024 US Pr
1,0.0005,0.0,2024-11-06,Will Robert F. Kennedy Jr. win the 2024 US Pr
7,0.09,1.0,2026-05-08,"Russia x Ukraine ceasefire by May 31, 2026?"
3,0.0605,1.0,2026-05-08,"Russia x Ukraine ceasefire by May 31, 2026?"
1,0.042,1.0,2026-05-08,"Russia x Ukraine ceasefire by May 31, 2026?"
7,0.0005,0.0,2024-12-16,Will the Panthers win Super Bowl 2025?
3,0.0005,0.0,2024-12-16,Will the Panthers win Super Bowl 2025?
1,0.0005,0.0,2024-12-16,Will the Panthers win Super Bowl 2025?
7,0.002,0.0,2024-11-07,Fed increases interest rates by 25+ bps after
3,0.0015,0.0,2024-11-07,Fed increases interest rates by 25+ bps after
1,0.0035,0.0,2024-11-07,Fed increases interest rates by 25+ bps after
7,0.0025,0.0,2025-12-10,Fed increases interest rates by 25+ bps after
3,0.0015,0.0,2025-12-10,Fed increases interest rates by 25+ bps after
1,0.0005,0.0,2025-12-10,Fed increases interest rates by 25+ bps after
7,0.0275,0.0,2025-04-16,Will Aston Villa win the UEFA Champions Leagu
3,0.0075,0.0,2025-04-16,Will Aston Villa win the UEFA Champions Leagu
1,0.012,0.0,2025-04-16,Will Aston Villa win the UEFA Champions Leagu
7,0.0185,1.0,2026-03-04,Khamenei out as Supreme Leader of Iran by Feb
3,0.9525,1.0,2026-03-04,Khamenei out as Supreme Leader of Iran by Feb
1,0.9985,1.0,2026-03-04,Khamenei out as Supreme Leader of Iran by Feb
7,0.0015,0.0,2025-03-22,Will the Washington Wizards win the 2025 NBA 
3,0.0015,0.0,2025-03-22,Will the Washington Wizards win the 2025 NBA 
1,0.0015,0.0,2025-03-22,Will the Washington Wizards win the 2025 NBA 
7,0.0015,0.0,2025-03-11,Will the Utah Jazz win the 2025 NBA Finals?
3,0.0015,0.0,2025-03-11,Will the Utah Jazz win the 2025 NBA Finals?
1,0.0015,0.0,2025-03-11,Will the Utah Jazz win the 2025 NBA Finals?
7,0.0335,0.0,2026-03-04,Will Trump nominate Judy Shelton as the next 
3,0.054,0.0,2026-03-04,Will Trump nominate Judy Shelton as the next 
1,0.0405,0.0,2026-03-04,Will Trump nominate Judy Shelton as the next 
7,0.0035,0.0,2024-11-30,Will the Raiders win Super Bowl 2025?
3,0.0035,0.0,2024-11-30,Will the Raiders win Super Bowl 2025?
1,0.0035,0.0,2024-11-30,Will the Raiders win Super Bowl 2025?
7,0.2565,1.0,2024-11-11,Will Donald Trump win the popular vote in the
3,0.9975,1.0,2024-11-11,Will Donald Trump win the popular vote in the
1,0.995,1.0,2024-11-11,Will Donald Trump win the popular vote in the
7,0.63,1.0,2025-01-22,TikTok banned in the US before May 2025?
3,0.84,1.0,2025-01-22,TikTok banned in the US before May 2025?
1,0.9955,1.0,2025-01-22,TikTok banned in the US before May 2025?
7,0.0015,0.0,2024-12-09,Will the Titans win Super Bowl 2025?
3,0.0015,0.0,2024-12-09,Will the Titans win Super Bowl 2025?
1,0.0005,0.0,2024-12-09,Will the Titans win Super Bowl 2025?
7,0.0005,0.0,2025-03-24,Will the Charlotte Hornets win the 2025 NBA F
3,0.0005,0.0,2025-03-24,Will the Charlotte Hornets win the 2025 NBA F
1,0.0005,0.0,2025-03-24,Will the Charlotte Hornets win the 2025 NBA F
7,0.0005,0.0,2024-11-06,Will any other Democratic Politician win the 
3,0.0005,0.0,2024-11-06,Will any other Democratic Politician win the 
1,0.0005,0.0,2024-11-06,Will any other Democratic Politician win the 
7,0.0005,0.0,2024-12-09,Will the Browns win Super Bowl 2025?
3,0.0005,0.0,2024-12-09,Will the Browns win Super Bowl 2025?
1,0.001,0.0,2024-12-09,Will the Browns win Super Bowl 2025?
7,0.0005,0.0,2025-10-25,Will Frances Fitzgerald win the Irish Preside
3,0.0005,0.0,2025-10-25,Will Frances Fitzgerald win the Irish Preside
1,0.0005,0.0,2025-10-25,Will Frances Fitzgerald win the Irish Preside
7,0.001,0.0,2024-12-05,Will the Democratic candidate win Pennsylvani
3,0.0005,0.0,2024-12-05,Will the Democratic candidate win Pennsylvani
1,0.0005,0.0,2024-12-05,Will the Democratic candidate win Pennsylvani
7,0.0035,0.0,2024-11-29,Will the Giants win Super Bowl 2025?
3,0.0035,0.0,2024-11-29,Will the Giants win Super Bowl 2025?
1,0.0035,0.0,2024-11-29,Will the Giants win Super Bowl 2025?
7,0.0005,0.0,2024-11-06,Will Nikki Haley win the 2024 US Presidential
3,0.0005,0.0,2024-11-06,Will Nikki Haley win the 2024 US Presidential
1,0.0005,0.0,2024-11-06,Will Nikki Haley win the 2024 US Presidential
7,0.9715,1.0,2026-01-28,No change in Fed interest rates after January
3,0.9905,1.0,2026-01-28,No change in Fed interest rates after January
1,0.988,1.0,2026-01-28,No change in Fed interest rates after January
7,0.007,0.0,2026-04-04,Netanyahu out by March 31?
3,0.0015,0.0,2026-04-04,Netanyahu out by March 31?
1,0.0005,0.0,2026-04-04,Netanyahu out by March 31?
7,0.0015,0.0,2025-10-31,Fed increases interest rates by 25+ bps after
3,0.0005,0.0,2025-10-31,Fed increases interest rates by 25+ bps after
1,0.0005,0.0,2025-10-31,Fed increases interest rates by 25+ bps after
7,0.0025,0.0,2025-04-13,Nottingham Forest wins the Premier League?
3,0.0005,0.0,2025-04-13,Nottingham Forest wins the Premier League?
1,0.0005,0.0,2025-04-13,Nottingham Forest wins the Premier League?
7,0.0245,0.0,2026-01-28,Fed decreases interest rates by 25 bps after 
3,0.0065,0.0,2026-01-28,Fed decreases interest rates by 25 bps after 
1,0.0075,0.0,2026-01-28,Fed decreases interest rates by 25 bps after 
7,0.0005,0.0,2024-11-06,Will Hillary Clinton win the 2024 US Presiden
3,0.0005,0.0,2024-11-06,Will Hillary Clinton win the 2024 US Presiden
1,0.0005,0.0,2024-11-06,Will Hillary Clinton win the 2024 US Presiden
7,0.0005,0.0,2024-11-05,Will Gavin Newsom be D-nom for VP on Election
3,0.0005,0.0,2024-11-05,Will Gavin Newsom be D-nom for VP on Election
1,0.0005,0.0,2024-11-05,Will Gavin Newsom be D-nom for VP on Election
7,0.0005,0.0,2026-03-21,Will Chelsea win the 2025–26 English Premier 
3,0.0005,0.0,2026-03-21,Will Chelsea win the 2025–26 English Premier 
1,0.0005,0.0,2026-03-21,Will Chelsea win the 2025–26 English Premier 
7,0.645,1.0,2025-12-24,Will Trump release the Epstein files by Decem
3,0.9985,1.0,2025-12-24,Will Trump release the Epstein files by Decem
1,0.9975,1.0,2025-12-24,Will Trump release the Epstein files by Decem
7,0.255,1.0,2026-02-28,"US strikes Iran by February 28, 2026?"
3,0.175,1.0,2026-02-28,"US strikes Iran by February 28, 2026?"
1,0.085,1.0,2026-02-28,"US strikes Iran by February 28, 2026?"
7,0.0025,0.0,2025-01-25,Southampton wins the Premier League?
3,0.0025,0.0,2025-01-25,Southampton wins the Premier League?
1,0.0015,0.0,2025-01-25,Southampton wins the Premier League?
7,0.901,1.0,2025-06-03,Will Lee Jae-myung be elected the next presid
3,0.9545,1.0,2025-06-03,Will Lee Jae-myung be elected the next presid
1,0.9465,1.0,2025-06-03,Will Lee Jae-myung be elected the next presid
7,0.235,0.0,2026-06-01,"US x Iran permanent peace deal by May 31, 202"
3,0.115,0.0,2026-06-01,"US x Iran permanent peace deal by May 31, 202"
1,0.0205,0.0,2026-06-01,"US x Iran permanent peace deal by May 31, 202"
7,0.0065,0.0,2026-03-18,Will the Fed decrease interest rates by 25 bp
3,0.0025,0.0,2026-03-18,Will the Fed decrease interest rates by 25 bp
1,0.0035,0.0,2026-03-18,Will the Fed decrease interest rates by 25 bp
7,0.0005,0.0,2025-04-29,Will the Miami Heat win the 2025 NBA Finals?
3,0.0005,0.0,2025-04-29,Will the Miami Heat win the 2025 NBA Finals?
1,0.0005,0.0,2025-04-29,Will the Miami Heat win the 2025 NBA Finals?
7,0.4115,0.0,2025-06-01,Will Inter Milan win the UEFA Champions Leagu
3,0.411,0.0,2025-06-01,Will Inter Milan win the UEFA Champions Leagu
1,0.405,0.0,2025-06-01,Will Inter Milan win the UEFA Champions Leagu
7,0.0005,0.0,2025-05-19,Will Hunor Kelemen win the Romanian president
3,0.0005,0.0,2025-05-19,Will Hunor Kelemen win the Romanian president
1,0.0005,0.0,2025-05-19,Will Hunor Kelemen win the Romanian president
7,0.455,0.0,2026-01-05,"Will Eleven die in ""Stranger Things: Season 5"
3,0.0025,0.0,2026-01-05,"Will Eleven die in ""Stranger Things: Season 5"
1,0.002,0.0,2026-01-05,"Will Eleven die in ""Stranger Things: Season 5"
7,0.0045,0.0,2026-01-01,Xi Jinping out in 2025?
3,0.0035,0.0,2026-01-01,Xi Jinping out in 2025?
1,0.0015,0.0,2026-01-01,Xi Jinping out in 2025?
7,0.9935,1.0,2026-04-29,Will there be no change in Fed interest rates
3,0.9965,1.0,2026-04-29,Will there be no change in Fed interest rates
1,0.9985,1.0,2026-04-29,Will there be no change in Fed interest rates
7,0.44,1.0,2024-10-18,Will Trump launch a coin before the election?
3,0.845,1.0,2024-10-18,Will Trump launch a coin before the election?
1,0.9875,1.0,2024-10-18,Will Trump launch a coin before the election?
7,0.0025,0.0,2026-04-29,Will the Fed increase interest rates by 25+ b
3,0.0015,0.0,2026-04-29,Will the Fed increase interest rates by 25+ b
1,0.0005,0.0,2026-04-29,Will the Fed increase interest rates by 25+ b
7,0.0035,0.0,2024-12-02,Will the Patriots win Super Bowl 2025?
3,0.0035,0.0,2024-12-02,Will the Patriots win Super Bowl 2025?
1,0.0035,0.0,2024-12-02,Will the Patriots win Super Bowl 2025?
7,0.165,0.0,2026-04-05,US forces enter Iran by March 31?
3,0.165,0.0,2026-04-05,US forces enter Iran by March 31?
1,0.165,0.0,2026-04-05,US forces enter Iran by March 31?
7,0.0085,0.0,2026-01-01,Russia x Ukraine ceasefire in 2025?
3,0.0065,0.0,2026-01-01,Russia x Ukraine ceasefire in 2025?
1,0.0025,0.0,2026-01-01,Russia x Ukraine ceasefire in 2025?
7,0.197,0.0,2025-06-23,Will the Indiana Pacers win the 2025 NBA Fina
3,0.089,0.0,2025-06-23,Will the Indiana Pacers win the 2025 NBA Fina
1,0.278,0.0,2025-06-23,Will the Indiana Pacers win the 2025 NBA Fina
7,0.0895,0.0,2025-06-03,Will Kim Moon-soo be elected the next preside
3,0.041,0.0,2025-06-03,Will Kim Moon-soo be elected the next preside
1,0.052,0.0,2025-06-03,Will Kim Moon-soo be elected the next preside
7,0.0015,0.0,2025-01-21,Will Kamala Harris be inaugurated?
3,0.0035,0.0,2025-01-21,Will Kamala Harris be inaugurated?
1,0.0015,0.0,2025-01-21,Will Kamala Harris be inaugurated?
7,0.0005,0.0,2024-11-06,Will Joe Biden win the 2024 US Presidential E
3,0.0005,0.0,2024-11-06,Will Joe Biden win the 2024 US Presidential E
1,0.0005,0.0,2024-11-06,Will Joe Biden win the 2024 US Presidential E
7,0.0015,0.0,2025-04-13,Will Real Betis win La Liga?
3,0.0015,0.0,2025-04-13,Will Real Betis win La Liga?
1,0.001,0.0,2025-04-13,Will Real Betis win La Liga?
7,0.0015,0.0,2025-03-24,Will the Charlotte Hornets win the Eastern Co
3,0.0015,0.0,2025-03-24,Will the Charlotte Hornets win the Eastern Co
1,0.0005,0.0,2025-03-24,Will the Charlotte Hornets win the Eastern Co
7,0.0015,0.0,2025-02-27,Manchester United wins the Premier League?
3,0.0015,0.0,2025-02-27,Manchester United wins the Premier League?
1,0.0015,0.0,2025-02-27,Manchester United wins the Premier League?
7,0.0025,0.0,2025-12-01,Will the Tennessee Titans win Super Bowl 2026
3,0.0015,0.0,2025-12-01,Will the Tennessee Titans win Super Bowl 2026
1,0.0015,0.0,2025-12-01,Will the Tennessee Titans win Super Bowl 2026
7,0.0005,0.0,2024-11-12,Will Hillary Clinton win the popular vote in 
3,0.0005,0.0,2024-11-12,Will Hillary Clinton win the popular vote in 
1,0.0005,0.0,2024-11-12,Will Hillary Clinton win the popular vote in 
7,0.062,0.0,2025-05-04,Will the LA Clippers win the 2025 NBA Finals?
3,0.02,0.0,2025-05-04,Will the LA Clippers win the 2025 NBA Finals?
1,0.0275,0.0,2025-05-04,Will the LA Clippers win the 2025 NBA Finals?
7,0.0055,0.0,2025-01-22,Will Red Star Belgrade win the UEFA Champions
3,0.0005,0.0,2025-01-22,Will Red Star Belgrade win the UEFA Champions
1,0.0005,0.0,2025-01-22,Will Red Star Belgrade win the UEFA Champions
7,0.195,0.0,2025-04-30,Will Pierre Poilievre be the next Canadian Pr
3,0.229,0.0,2025-04-30,Will Pierre Poilievre be the next Canadian Pr
1,0.2815,0.0,2025-04-30,Will Pierre Poilievre be the next Canadian Pr
7,0.0395,0.0,2025-09-17,No change in Fed interest rates after Septemb
3,0.021,0.0,2025-09-17,No change in Fed interest rates after Septemb
1,0.024,0.0,2025-09-17,No change in Fed interest rates after Septemb
7,0.0005,0.0,2025-04-03,Brighton & Hove Albion wins the Premier Leagu
3,0.0005,0.0,2025-04-03,Brighton & Hove Albion wins the Premier Leagu
1,0.0005,0.0,2025-04-03,Brighton & Hove Albion wins the Premier Leagu
7,0.0075,0.0,2025-01-03,Will Austin Scott be the first elected Speake
3,0.0075,0.0,2025-01-03,Will Austin Scott be the first elected Speake
1,0.006,0.0,2025-01-03,Will Austin Scott be the first elected Speake
7,0.0025,0.0,2025-09-17,Fed increases interest rates by 25+ bps after
3,0.0015,0.0,2025-09-17,Fed increases interest rates by 25+ bps after
1,0.0015,0.0,2025-09-17,Fed increases interest rates by 25+ bps after
7,0.0015,0.0,2026-04-29,Will the Fed decrease interest rates by 50+ b
3,0.0005,0.0,2026-04-29,Will the Fed decrease interest rates by 50+ b
1,0.0005,0.0,2026-04-29,Will the Fed decrease interest rates by 50+ b
7,0.7845,1.0,2025-12-06,Will Polymarket US go live in 2025?
3,0.9635,1.0,2025-12-06,Will Polymarket US go live in 2025?
1,0.9925,1.0,2025-12-06,Will Polymarket US go live in 2025?
7,0.0025,0.0,2026-04-29,Will the Fed decrease interest rates by 25 bp
3,0.0015,0.0,2026-04-29,Will the Fed decrease interest rates by 25 bp
1,0.0005,0.0,2026-04-29,Will the Fed decrease interest rates by 25 bp
7,0.9905,1.0,2025-01-20,Will Biden finish his term?
3,0.9935,1.0,2025-01-20,Will Biden finish his term?
1,0.992,1.0,2025-01-20,Will Biden finish his term?
7,0.0005,0.0,2025-12-16,Will the Miami Dolphins win Super Bowl 2026?
3,0.0005,0.0,2025-12-16,Will the Miami Dolphins win Super Bowl 2026?
1,0.0005,0.0,2025-12-16,Will the Miami Dolphins win Super Bowl 2026?
7,0.205,1.0,2026-03-04,Khamenei out as Supreme Leader of Iran by Mar
3,0.9675,1.0,2026-03-04,Khamenei out as Supreme Leader of Iran by Mar
1,0.9985,1.0,2026-03-04,Khamenei out as Supreme Leader of Iran by Mar
7,0.0145,0.0,2026-03-29,Will the Iranian regime fall by March 31?
3,0.0095,0.0,2026-03-29,Will the Iranian regime fall by March 31?
1,0.0055,0.0,2026-03-29,Will the Iranian regime fall by March 31?
7,0.0015,0.0,2025-04-19,Will the Atlanta Hawks win the 2025 NBA Final
3,0.0005,0.0,2025-04-19,Will the Atlanta Hawks win the 2025 NBA Final
1,0.0005,0.0,2025-04-19,Will the Atlanta Hawks win the 2025 NBA Final
7,0.0125,0.0,2026-06-20,Will Turkiye win the 2026 FIFA World Cup?
3,0.0045,0.0,2026-06-20,Will Turkiye win the 2026 FIFA World Cup?
1,0.0045,0.0,2026-06-20,Will Turkiye win the 2026 FIFA World Cup?
7,0.0045,0.0,2025-05-02,Will the Detroit Pistons win the 2025 NBA Fin
3,0.0005,0.0,2025-05-02,Will the Detroit Pistons win the 2025 NBA Fin
1,0.002,0.0,2025-05-02,Will the Detroit Pistons win the 2025 NBA Fin
7,0.135,1.0,2026-05-08,"Russia x Ukraine ceasefire by June 30, 2026?"
3,0.105,1.0,2026-05-08,"Russia x Ukraine ceasefire by June 30, 2026?"
1,0.075,1.0,2026-05-08,"Russia x Ukraine ceasefire by June 30, 2026?"
7,0.0025,0.0,2025-11-05,Will Curtis Sliwa win the 2025 NYC mayoral el
3,0.0015,0.0,2025-11-05,Will Curtis Sliwa win the 2025 NYC mayoral el
1,0.0015,0.0,2025-11-05,Will Curtis Sliwa win the 2025 NYC mayoral el
7,0.0135,0.0,2025-05-02,Will the Detroit Pistons win the Eastern Conf
3,0.0035,0.0,2025-05-02,Will the Detroit Pistons win the Eastern Conf
1,0.0045,0.0,2025-05-02,Will the Detroit Pistons win the Eastern Conf
7,0.0105,0.0,2026-01-11,Will the Carolina Panthers win Super Bowl 202
3,0.0055,0.0,2026-01-11,Will the Carolina Panthers win Super Bowl 202
1,0.0065,0.0,2026-01-11,Will the Carolina Panthers win Super Bowl 202
7,0.9425,1.0,2026-03-04,Will Trump nominate Kevin Warsh as the next F
3,0.9345,1.0,2026-03-04,Will Trump nominate Kevin Warsh as the next F
1,0.9345,1.0,2026-03-04,Will Trump nominate Kevin Warsh as the next F
7,0.0015,0.0,2025-03-14,Will the New Orleans Pelicans win the 2025 NB
3,0.0015,0.0,2025-03-14,Will the New Orleans Pelicans win the 2025 NB
1,0.0005,0.0,2025-03-14,Will the New Orleans Pelicans win the 2025 NB
7,0.0075,0.0,2025-01-03,Will Jack Bergman be the first elected Speake
3,0.0075,0.0,2025-01-03,Will Jack Bergman be the first elected Speake
1,0.0065,0.0,2025-01-03,Will Jack Bergman be the first elected Speake
7,0.0005,0.0,2024-08-06,Will Joe Biden win the 2024 Democratic Presid
3,0.0005,0.0,2024-08-06,Will Joe Biden win the 2024 Democratic Presid
1,0.0005,0.0,2024-08-06,Will Joe Biden win the 2024 Democratic Presid
7,0.0005,0.0,2025-12-08,Will the New York Jets win Super Bowl 2026?
3,0.0005,0.0,2025-12-08,Will the New York Jets win Super Bowl 2026?
1,0.0005,0.0,2025-12-08,Will the New York Jets win Super Bowl 2026?
7,0.0025,0.0,2025-01-29,Fed increases interest rates by 25+ bps after
3,0.0015,0.0,2025-01-29,Fed increases interest rates by 25+ bps after
1,0.0015,0.0,2025-01-29,Fed increases interest rates by 25+ bps after
7,0.0005,0.0,2025-03-28,Will the Brooklyn Nets win the 2025 NBA Final
3,0.0005,0.0,2025-03-28,Will the Brooklyn Nets win the 2025 NBA Final
1,0.0005,0.0,2025-03-28,Will the Brooklyn Nets win the 2025 NBA Final
7,0.008,0.0,2025-04-24,Trump ends Ukraine war in first 90 days?
3,0.0035,0.0,2025-04-24,Trump ends Ukraine war in first 90 days?
1,0.0015,0.0,2025-04-24,Trump ends Ukraine war in first 90 days?
7,0.925,1.0,2026-01-03,Lighter market cap (FDV) >$1B one day after l
3,0.9975,1.0,2026-01-03,Lighter market cap (FDV) >$1B one day after l
1,0.9985,1.0,2026-01-03,Lighter market cap (FDV) >$1B one day after l
7,0.915,1.0,2025-12-10,Fed decreases interest rates by 25 bps after 
3,0.925,1.0,2025-12-10,Fed decreases interest rates by 25 bps after 
1,0.935,1.0,2025-12-10,Fed decreases interest rates by 25 bps after 
7,0.964,1.0,2024-08-06,Will Kamala Harris win the 2024 Democratic Pr
3,0.9895,1.0,2024-08-06,Will Kamala Harris win the 2024 Democratic Pr
1,0.9885,1.0,2024-08-06,Will Kamala Harris win the 2024 Democratic Pr
7,0.0005,0.0,2024-11-06,Will Gavin Newsom win the 2024 US Presidentia
3,0.0005,0.0,2024-11-06,Will Gavin Newsom win the 2024 US Presidentia
1,0.0005,0.0,2024-11-06,Will Gavin Newsom win the 2024 US Presidentia
7,0.0095,0.0,2025-01-03,Will Elise Stefanik be the first elected Spea
3,0.0095,0.0,2025-01-03,Will Elise Stefanik be the first elected Spea
1,0.007,0.0,2025-01-03,Will Elise Stefanik be the first elected Spea
7,0.0745,1.0,2024-12-25,Will there be a US Government shutdown? 
3,0.9935,1.0,2024-12-25,Will there be a US Government shutdown? 
1,0.9955,1.0,2024-12-25,Will there be a US Government shutdown? 
7,0.0005,0.0,2025-04-17,Will the Chicago Bulls win the 2025 NBA Final
3,0.0005,0.0,2025-04-17,Will the Chicago Bulls win the 2025 NBA Final
1,0.0005,0.0,2025-04-17,Will the Chicago Bulls win the 2025 NBA Final
7,0.0075,0.0,2026-05-01,Will the Iranian regime fall by April 30?
3,0.0025,0.0,2026-05-01,Will the Iranian regime fall by April 30?
1,0.0005,0.0,2026-05-01,Will the Iranian regime fall by April 30?
7,0.017,0.0,2025-10-29,Fed decreases interest rates by 50+ bps after
3,0.0065,0.0,2025-10-29,Fed decreases interest rates by 50+ bps after
1,0.0045,0.0,2025-10-29,Fed decreases interest rates by 50+ bps after
7,0.011,0.0,2025-06-03,Will Lee Jun-seok be elected the next preside
3,0.0055,0.0,2025-06-03,Will Lee Jun-seok be elected the next preside
1,0.0015,0.0,2025-06-03,Will Lee Jun-seok be elected the next preside
7,0.9975,1.0,2025-07-03,Israel x Iran ceasefire before July? 
3,0.5,1.0,2025-07-03,Israel x Iran ceasefire before July? 
1,0.996,1.0,2025-07-03,Israel x Iran ceasefire before July? 
7,0.96,1.0,2025-10-29,Fed decreases interest rates by 25 bps after 
3,0.9825,1.0,2025-10-29,Fed decreases interest rates by 25 bps after 
1,0.9845,1.0,2025-10-29,Fed decreases interest rates by 25 bps after 
7,0.0015,0.0,2025-12-08,Will the Cleveland Browns win Super Bowl 2026
3,0.0005,0.0,2025-12-08,Will the Cleveland Browns win Super Bowl 2026
1,0.0005,0.0,2025-12-08,Will the Cleveland Browns win Super Bowl 2026
7,0.5865,1.0,2025-05-31,Will Paris Saint-Germain win the UEFA Champio
3,0.59,1.0,2025-05-31,Will Paris Saint-Germain win the UEFA Champio
1,0.5895,1.0,2025-05-31,Will Paris Saint-Germain win the UEFA Champio
7,0.0685,0.0,2026-01-05,US x Venezuela military engagement by Decembe
3,0.0025,0.0,2026-01-05,US x Venezuela military engagement by Decembe
1,0.0025,0.0,2026-01-05,US x Venezuela military engagement by Decembe
7,0.335,1.0,2025-05-19,Will Nicușor Dan win the Romanian presidentia
3,0.485,1.0,2025-05-19,Will Nicușor Dan win the Romanian presidentia
1,0.48,1.0,2025-05-19,Will Nicușor Dan win the Romanian presidentia
7,0.0025,0.0,2024-12-11,Will New Hampshire be the closest state?
3,0.0035,0.0,2024-12-11,Will New Hampshire be the closest state?
1,0.003,0.0,2024-12-11,Will New Hampshire be the closest state?
7,0.0025,0.0,2025-12-01,Will the Las Vegas Raiders win Super Bowl 202
3,0.0015,0.0,2025-12-01,Will the Las Vegas Raiders win Super Bowl 202
1,0.0015,0.0,2025-12-01,Will the Las Vegas Raiders win Super Bowl 202
7,0.1455,0.0,2025-09-17,Fed decreases interest rates by 50+ bps after
3,0.0725,0.0,2025-09-17,Fed decreases interest rates by 50+ bps after
1,0.068,0.0,2025-09-17,Fed decreases interest rates by 50+ bps after
7,0.0055,0.0,2025-01-06,Will the Falcons win Super Bowl 2025?
3,0.0035,0.0,2025-01-06,Will the Falcons win Super Bowl 2025?
1,0.0045,0.0,2025-01-06,Will the Falcons win Super Bowl 2025?
7,0.055,0.0,2026-02-01,Khamenei out as Supreme Leader of Iran by Jan
3,0.0185,0.0,2026-02-01,Khamenei out as Supreme Leader of Iran by Jan
1,0.0095,0.0,2026-02-01,Khamenei out as Supreme Leader of Iran by Jan
7,0.0005,0.0,2025-11-05,Will Jim Walden win the 2025 NYC mayoral elec
3,0.0005,0.0,2025-11-05,Will Jim Walden win the 2025 NYC mayoral elec
1,0.0005,0.0,2025-11-05,Will Jim Walden win the 2025 NYC mayoral elec
7,0.155,1.0,2026-06-18,"US x Iran permanent peace deal by June 30, 20"
3,0.925,1.0,2026-06-18,"US x Iran permanent peace deal by June 30, 20"
1,0.9965,1.0,2026-06-18,"US x Iran permanent peace deal by June 30, 20"
7,0.0015,0.0,2025-01-29,Fed decreases interest rates by 75+ bps after
3,0.0015,0.0,2025-01-29,Fed decreases interest rates by 75+ bps after
1,0.0005,0.0,2025-01-29,Fed decreases interest rates by 75+ bps after
7,0.1165,0.0,2025-11-05,Will Andrew Cuomo win the 2025 NYC mayoral el
3,0.0625,0.0,2025-11-05,Will Andrew Cuomo win the 2025 NYC mayoral el
1,0.088,0.0,2025-11-05,Will Andrew Cuomo win the 2025 NYC mayoral el
7,0.886,1.0,2026-04-25,Iran x Israel/US conflict ends by April 7?
3,0.9965,1.0,2026-04-25,Iran x Israel/US conflict ends by April 7?
1,0.9995,1.0,2026-04-25,Iran x Israel/US conflict ends by April 7?
7,0.0015,0.0,2025-12-01,Will the New Orleans Saints win Super Bowl 20
3,0.0005,0.0,2025-12-01,Will the New Orleans Saints win Super Bowl 20
1,0.0005,0.0,2025-12-01,Will the New Orleans Saints win Super Bowl 20
7,0.001,0.0,2024-11-27,Will the Democratic candidate win Nevada by 3
3,0.0005,0.0,2024-11-27,Will the Democratic candidate win Nevada by 3
1,0.0005,0.0,2024-11-27,Will the Democratic candidate win Nevada by 3
7,0.0005,0.0,2024-11-12,Will RFK Jr. win the popular vote in the 2024
3,0.0005,0.0,2024-11-12,Will RFK Jr. win the popular vote in the 2024
1,0.0005,0.0,2024-11-12,Will RFK Jr. win the popular vote in the 2024
7,0.0005,0.0,2025-02-27,Everton wins the Premier League?
3,0.0005,0.0,2025-02-27,Everton wins the Premier League?
1,0.0005,0.0,2025-02-27,Everton wins the Premier League?
7,0.017,0.0,2024-08-06,Will Michelle Obama win the 2024 Democratic P
3,0.006,0.0,2024-08-06,Will Michelle Obama win the 2024 Democratic P
1,0.0085,0.0,2024-08-06,Will Michelle Obama win the 2024 Democratic P
7,0.0355,0.0,2025-03-12,Will Bayer Leverkusen win the UEFA Champions 
3,0.0035,0.0,2025-03-12,Will Bayer Leverkusen win the UEFA Champions 
1,0.0025,0.0,2025-03-12,Will Bayer Leverkusen win the UEFA Champions 
7,0.0005,0.0,2024-11-06,Will Ron DeSantis win the 2024 US Presidentia
3,0.0005,0.0,2024-11-06,Will Ron DeSantis win the 2024 US Presidentia
1,0.0005,0.0,2024-11-06,Will Ron DeSantis win the 2024 US Presidentia
7,0.0005,0.0,2025-05-16,Will another team win La Liga?
3,0.0005,0.0,2025-05-16,Will another team win La Liga?
1,0.0005,0.0,2025-05-16,Will another team win La Liga?
7,0.0225,0.0,2025-10-29,No change in Fed interest rates after October
3,0.01,0.0,2025-10-29,No change in Fed interest rates after October
1,0.0115,0.0,2025-10-29,No change in Fed interest rates after October
7,0.0005,0.0,2025-04-02,Fulham wins the Premier League?
3,0.0005,0.0,2025-04-02,Fulham wins the Premier League?
1,0.0005,0.0,2025-04-02,Fulham wins the Premier League?
7,0.0005,0.0,2025-04-06,Will the Philadelphia Flyers win the 2025 Sta
3,0.0005,0.0,2025-04-06,Will the Philadelphia Flyers win the 2025 Sta
1,0.0005,0.0,2025-04-06,Will the Philadelphia Flyers win the 2025 Sta
7,0.0005,0.0,2025-04-03,Bournemouth wins the Premier League?
3,0.0005,0.0,2025-04-03,Bournemouth wins the Premier League?
1,0.0005,0.0,2025-04-03,Bournemouth wins the Premier League?
7,0.0065,0.0,2025-01-22,Will Keith Rabois be appointed as the next Fl
3,0.003,0.0,2025-01-22,Will Keith Rabois be appointed as the next Fl
1,0.0015,0.0,2025-01-22,Will Keith Rabois be appointed as the next Fl
7,0.075,0.0,2025-12-10,No change in Fed interest rates after Decembe
3,0.075,0.0,2025-12-10,No change in Fed interest rates after Decembe
1,0.055,0.0,2025-12-10,No change in Fed interest rates after Decembe
7,0.085,0.0,2026-03-28,US x Iran ceasefire by March 31?
3,0.195,0.0,2026-03-28,US x Iran ceasefire by March 31?
1,0.065,0.0,2026-03-28,US x Iran ceasefire by March 31?
7,0.004,0.0,2026-01-01,Will Satoshi move any Bitcoin in 2025?
3,0.0035,0.0,2026-01-01,Will Satoshi move any Bitcoin in 2025?
1,0.0025,0.0,2026-01-01,Will Satoshi move any Bitcoin in 2025?
7,0.0015,0.0,2025-03-18,Will the San Jose Sharks win the 2025 Stanley
3,0.0005,0.0,2025-03-18,Will the San Jose Sharks win the 2025 Stanley
1,0.0005,0.0,2025-03-18,Will the San Jose Sharks win the 2025 Stanley
7,0.0015,0.0,2025-07-30,Fed increases interest rates by 25+ bps after
3,0.0005,0.0,2025-07-30,Fed increases interest rates by 25+ bps after
1,0.0005,0.0,2025-07-30,Fed increases interest rates by 25+ bps after
7,0.004,0.0,2024-12-23,Will the Cardinals win Super Bowl 2025?
3,0.0035,0.0,2024-12-23,Will the Cardinals win Super Bowl 2025?
1,0.0035,0.0,2024-12-23,Will the Cardinals win Super Bowl 2025?
7,0.9905,1.0,2026-06-17,Will there be no change in Fed interest rates
3,0.9955,1.0,2026-06-17,Will there be no change in Fed interest rates
1,0.9945,1.0,2026-06-17,Will there be no change in Fed interest rates
7,0.0005,0.0,2025-04-07,Will the Portland Trail Blazers win the 2025 
3,0.0005,0.0,2025-04-07,Will the Portland Trail Blazers win the 2025 
1,0.0005,0.0,2025-04-07,Will the Portland Trail Blazers win the 2025 
7,0.0025,0.0,2025-01-29,Fed decreases interest rates by 50 bps after 
3,0.0015,0.0,2025-01-29,Fed decreases interest rates by 50 bps after 
1,0.0015,0.0,2025-01-29,Fed decreases interest rates by 50 bps after 
7,0.2115,0.0,2026-06-14,Will the San Antonio Spurs win the 2026 NBA F
3,0.3745,0.0,2026-06-14,Will the San Antonio Spurs win the 2026 NBA F
1,0.1915,0.0,2026-06-14,Will the San Antonio Spurs win the 2026 NBA F
7,0.0025,0.0,2025-12-01,Will the Arizona Cardinals win Super Bowl 202
3,0.0015,0.0,2025-12-01,Will the Arizona Cardinals win Super Bowl 202
1,0.0015,0.0,2025-12-01,Will the Arizona Cardinals win Super Bowl 202
7,0.245,0.0,2026-02-01,"US strikes Iran by January 31, 2026?"
3,0.115,0.0,2026-02-01,"US strikes Iran by January 31, 2026?"
1,0.075,0.0,2026-02-01,"US strikes Iran by January 31, 2026?"
7,0.0005,0.0,2025-02-20,Will Stade Brestois win the UEFA Champions Le
3,0.0015,0.0,2025-02-20,Will Stade Brestois win the UEFA Champions Le
1,0.0015,0.0,2025-02-20,Will Stade Brestois win the UEFA Champions Le
7,0.0065,0.0,2025-07-30,Fed decreases interest rates by 50+ bps after
3,0.0095,0.0,2025-07-30,Fed decreases interest rates by 50+ bps after
1,0.0045,0.0,2025-07-30,Fed decreases interest rates by 50+ bps after
7,0.615,0.0,2025-06-02,Will Rafał Trzaskowski be the next President 
3,0.6645,0.0,2025-06-02,Will Rafał Trzaskowski be the next President 
1,0.6365,0.0,2025-06-02,Will Rafał Trzaskowski be the next President 
7,0.355,1.0,2025-04-08,Yoon out as president of South Korea before M
3,0.9995,1.0,2025-04-08,Yoon out as president of South Korea before M
1,0.9995,1.0,2025-04-08,Yoon out as president of South Korea before M
7,0.996,1.0,2024-12-05,Israel x Hezbollah Ceasefire in 2024?
3,0.9905,1.0,2024-12-05,Israel x Hezbollah Ceasefire in 2024?
1,0.9905,1.0,2024-12-05,Israel x Hezbollah Ceasefire in 2024?
7,0.0015,0.0,2025-12-15,Will the Cincinnati Bengals win Super Bowl 20
3,0.0025,0.0,2025-12-15,Will the Cincinnati Bengals win Super Bowl 20
1,0.0035,0.0,2025-12-15,Will the Cincinnati Bengals win Super Bowl 20
7,0.0005,0.0,2025-02-15,Leicester City wins the Premier League?
3,0.0005,0.0,2025-02-15,Leicester City wins the Premier League?
1,0.0005,0.0,2025-02-15,Leicester City wins the Premier League?
7,0.0015,0.0,2025-03-08,Brentford wins the Premier League?
3,0.0015,0.0,2025-03-08,Brentford wins the Premier League?
1,0.0015,0.0,2025-03-08,Brentford wins the Premier League?
7,0.0005,0.0,2024-11-12,Will Ron DeSantis win the popular vote in the
3,0.0005,0.0,2024-11-12,Will Ron DeSantis win the popular vote in the
1,0.0005,0.0,2024-11-12,Will Ron DeSantis win the popular vote in the
7,0.0405,0.0,2025-05-19,Will the Denver Nuggets win the 2025 NBA Fina
3,0.047,0.0,2025-05-19,Will the Denver Nuggets win the 2025 NBA Fina
1,0.082,0.0,2025-05-19,Will the Denver Nuggets win the 2025 NBA Fina
7,0.0005,0.0,2026-03-04,Will Trump nominate Scott Bessent as the next
3,0.0005,0.0,2026-03-04,Will Trump nominate Scott Bessent as the next
1,0.0005,0.0,2026-03-04,Will Trump nominate Scott Bessent as the next
7,0.415,0.0,2026-05-30,Will Paris Saint-Germain FC win on 2026-05-30
3,0.415,0.0,2026-05-30,Will Paris Saint-Germain FC win on 2026-05-30
1,0.415,0.0,2026-05-30,Will Paris Saint-Germain FC win on 2026-05-30
7,0.0015,0.0,2026-03-01,Will Leeds win the 2025–26 English Premier Le
3,0.0005,0.0,2026-03-01,Will Leeds win the 2025–26 English Premier Le
1,0.0005,0.0,2026-03-01,Will Leeds win the 2025–26 English Premier Le
7,0.0005,0.0,2025-12-19,Will Rob Riggle win the 2025 National Heads-U
3,0.0005,0.0,2025-12-19,Will Rob Riggle win the 2025 National Heads-U
1,0.0005,0.0,2025-12-19,Will Rob Riggle win the 2025 National Heads-U
7,0.0035,0.0,2026-06-01,Will the Iranian regime fall by May 31?
3,0.0015,0.0,2026-06-01,Will the Iranian regime fall by May 31?
1,0.0005,0.0,2026-06-01,Will the Iranian regime fall by May 31?
7,0.0015,0.0,2026-05-12,Strait of Hormuz traffic returns to normal by
3,0.0015,0.0,2026-05-12,Strait of Hormuz traffic returns to normal by
1,0.0005,0.0,2026-05-12,Strait of Hormuz traffic returns to normal by
7,0.0015,0.0,2025-01-24,Will Dak Prescott win NFL MVP for the 2024-25
3,0.0015,0.0,2025-01-24,Will Dak Prescott win NFL MVP for the 2024-25
1,0.0015,0.0,2025-01-24,Will Dak Prescott win NFL MVP for the 2024-25
7,0.0015,0.0,2026-06-17,Will the Fed decrease interest rates by 50+ b
3,0.0015,0.0,2026-06-17,Will the Fed decrease interest rates by 50+ b
1,0.0015,0.0,2026-06-17,Will the Fed decrease interest rates by 50+ b
7,0.006,0.0,2024-08-06,Will Gavin Newsom win the 2024 Democratic Pre
3,0.0015,0.0,2024-08-06,Will Gavin Newsom win the 2024 Democratic Pre
1,0.0025,0.0,2024-08-06,Will Gavin Newsom win the 2024 Democratic Pre
7,0.0025,0.0,2025-11-24,Will the New York Giants win Super Bowl 2026?
3,0.0025,0.0,2025-11-24,Will the New York Giants win Super Bowl 2026?
1,0.0025,0.0,2025-11-24,Will the New York Giants win Super Bowl 2026?
7,0.808,1.0,2025-06-01,Will the Indiana Pacers win the Eastern Confe
3,0.857,1.0,2025-06-01,Will the Indiana Pacers win the Eastern Confe
1,0.7535,1.0,2025-06-01,Will the Indiana Pacers win the Eastern Confe
7,0.004,0.0,2024-11-30,Will the Democratic candidate win Wisconsin b
3,0.006,0.0,2024-11-30,Will the Democratic candidate win Wisconsin b
1,0.0065,0.0,2024-11-30,Will the Democratic candidate win Wisconsin b
7,0.0005,0.0,2024-11-12,Will Michelle Obama win the popular vote in t
3,0.0005,0.0,2024-11-12,Will Michelle Obama win the popular vote in t
1,0.0005,0.0,2024-11-12,Will Michelle Obama win the popular vote in t
7,0.0035,0.0,2025-01-22,Will Bologna win the UEFA Champions League? 
3,0.0005,0.0,2025-01-22,Will Bologna win the UEFA Champions League? 
1,0.001,0.0,2025-01-22,Will Bologna win the UEFA Champions League? 
7,0.0085,0.0,2026-04-17,Will the Charlotte Hornets win the 2026 NBA F
3,0.0035,0.0,2026-04-17,Will the Charlotte Hornets win the 2026 NBA F
1,0.0065,0.0,2026-04-17,Will the Charlotte Hornets win the 2026 NBA F
7,0.0005,0.0,2024-11-12,Will any other Democrat Politician win the po
3,0.0005,0.0,2024-11-12,Will any other Democrat Politician win the po
1,0.0005,0.0,2024-11-12,Will any other Democrat Politician win the po
7,0.802,1.0,2025-04-30,Will Mark Carney be the next Canadian Prime M
3,0.769,1.0,2025-04-30,Will Mark Carney be the next Canadian Prime M
1,0.7215,1.0,2025-04-30,Will Mark Carney be the next Canadian Prime M
7,0.815,1.0,2025-09-17,Fed decreases interest rates by 25 bps after 
3,0.905,1.0,2025-09-17,Fed decreases interest rates by 25 bps after 
1,0.905,1.0,2025-09-17,Fed decreases interest rates by 25 bps after 
7,0.685,1.0,2026-02-09,Seahawks vs. Patriots
3,0.685,1.0,2026-02-09,Seahawks vs. Patriots
1,0.685,1.0,2026-02-09,Seahawks vs. Patriots
7,0.0005,0.0,2024-11-05,Will Michelle Obama be D-nom for VP on Electi
3,0.0005,0.0,2024-11-05,Will Michelle Obama be D-nom for VP on Electi
1,0.0005,0.0,2024-11-05,Will Michelle Obama be D-nom for VP on Electi
7,0.0015,0.0,2026-03-04,Will Trump nominate Kevin Hassett as the next
3,0.003,0.0,2026-03-04,Will Trump nominate Kevin Hassett as the next
1,0.0025,0.0,2026-03-04,Will Trump nominate Kevin Hassett as the next
7,0.0015,0.0,2026-03-04,Will Trump nominate Rick Rieder as the next F
3,0.0025,0.0,2026-03-04,Will Trump nominate Rick Rieder as the next F
1,0.0035,0.0,2026-03-04,Will Trump nominate Rick Rieder as the next F
7,0.0095,0.0,2025-03-11,Will Benfica win the UEFA Champions League?
3,0.0015,0.0,2025-03-11,Will Benfica win the UEFA Champions League?
1,0.0025,0.0,2025-03-11,Will Benfica win the UEFA Champions League?
7,0.0115,0.0,2024-08-06,Will Hillary Clinton win the 2024 Democratic 
3,0.004,0.0,2024-08-06,Will Hillary Clinton win the 2024 Democratic 
1,0.0015,0.0,2024-08-06,Will Hillary Clinton win the 2024 Democratic 
7,0.0015,0.0,2025-03-08,Crystal Palace wins the Premier League?
3,0.0015,0.0,2025-03-08,Crystal Palace wins the Premier League?
1,0.0015,0.0,2025-03-08,Crystal Palace wins the Premier League?
7,0.0005,0.0,2024-11-12,Will any other Republican Politician win the 
3,0.0005,0.0,2024-11-12,Will any other Republican Politician win the 
1,0.0005,0.0,2024-11-12,Will any other Republican Politician win the 
7,0.305,0.0,2025-11-28,Monad market cap (FDV) >$4B one day after lau
3,0.0845,0.0,2025-11-28,Monad market cap (FDV) >$4B one day after lau
1,0.0035,0.0,2025-11-28,Monad market cap (FDV) >$4B one day after lau
7,0.0005,0.0,2025-02-16,Wolverhampton Wanderers win the Premier Leagu
3,0.0015,0.0,2025-02-16,Wolverhampton Wanderers win the Premier Leagu
1,0.0015,0.0,2025-02-16,Wolverhampton Wanderers win the Premier Leagu
7,0.0235,0.0,2026-01-01,Maduro out in 2025?
3,0.011,0.0,2026-01-01,Maduro out in 2025?
1,0.0025,0.0,2026-01-01,Maduro out in 2025?
7,0.028,0.0,2026-06-02,Strait of Hormuz traffic returns to normal by
3,0.0035,0.0,2026-06-02,Strait of Hormuz traffic returns to normal by
1,0.0015,0.0,2026-06-02,Strait of Hormuz traffic returns to normal by
7,0.0145,0.0,2025-01-19,Will the Texans win Super Bowl 2025?
3,0.0175,0.0,2025-01-19,Will the Texans win Super Bowl 2025?
1,0.0155,0.0,2025-01-19,Will the Texans win Super Bowl 2025?
7,0.0005,0.0,2026-06-20,Will Haiti win the 2026 FIFA World Cup?
3,0.0005,0.0,2026-06-20,Will Haiti win the 2026 FIFA World Cup?
1,0.0005,0.0,2026-06-20,Will Haiti win the 2026 FIFA World Cup?
7,0.0005,0.0,2025-04-12,Will RC Celta de Vigo win La Liga?
3,0.0005,0.0,2025-04-12,Will RC Celta de Vigo win La Liga?
1,0.0005,0.0,2025-04-12,Will RC Celta de Vigo win La Liga?
7,0.001,0.0,2024-12-05,Will the Democratic candidate win Pennsylvani
3,0.001,0.0,2024-12-05,Will the Democratic candidate win Pennsylvani
1,0.0005,0.0,2024-12-05,Will the Democratic candidate win Pennsylvani
7,0.0015,0.0,2025-03-22,Will the Washington Wizards win the Eastern C
3,0.0005,0.0,2025-03-22,Will the Washington Wizards win the Eastern C
1,0.0005,0.0,2025-03-22,Will the Washington Wizards win the Eastern C
7,0.0005,0.0,2025-04-03,Aston Villa wins the Premier League?
3,0.0005,0.0,2025-04-03,Aston Villa wins the Premier League?
1,0.0005,0.0,2025-04-03,Aston Villa wins the Premier League?
7,0.0105,0.0,2025-01-12,Will the Steelers win Super Bowl 2025?
3,0.0075,0.0,2025-01-12,Will the Steelers win Super Bowl 2025?
1,0.009,0.0,2025-01-12,Will the Steelers win Super Bowl 2025?
7,0.305,0.0,2024-11-16,Will Mike Tyson win his boxing match against 
3,0.29,0.0,2024-11-16,Will Mike Tyson win his boxing match against 
1,0.36,0.0,2024-11-16,Will Mike Tyson win his boxing match against 
7,0.205,0.0,2025-04-01,Yoon out as president of South Korea before A
3,0.0045,0.0,2025-04-01,Yoon out as president of South Korea before A
1,0.0075,0.0,2025-04-01,Yoon out as president of South Korea before A
7,0.0025,0.0,2026-04-09,Will Atletico Madrid win the 2025–26 La Liga?
3,0.0025,0.0,2026-04-09,Will Atletico Madrid win the 2025–26 La Liga?
1,0.0025,0.0,2026-04-09,Will Atletico Madrid win the 2025–26 La Liga?
7,0.0035,0.0,2024-12-11,Will Slovan Bratislava win the UEFA Champions
3,0.0035,0.0,2024-12-11,Will Slovan Bratislava win the UEFA Champions
1,0.0025,0.0,2024-12-11,Will Slovan Bratislava win the UEFA Champions
7,0.981,1.0,2026-06-02,Will the Iran ceasefire continue through May 
3,0.9985,1.0,2026-06-02,Will the Iran ceasefire continue through May 
1,0.9995,1.0,2026-06-02,Will the Iran ceasefire continue through May 
7,0.665,0.0,2025-05-19,Will George Simion win the Romanian president
3,0.515,0.0,2025-05-19,Will George Simion win the Romanian president
1,0.515,0.0,2025-05-19,Will George Simion win the Romanian president
7,0.39,1.0,2025-06-02,Will Karol Nawrocki be the next President of 
3,0.335,1.0,2025-06-02,Will Karol Nawrocki be the next President of 
1,0.362,1.0,2025-06-02,Will Karol Nawrocki be the next President of 
7,0.0005,0.0,2025-03-21,Will the Chicago Blackhawks win the 2025 Stan
3,0.0005,0.0,2025-03-21,Will the Chicago Blackhawks win the 2025 Stan
1,0.0005,0.0,2025-03-21,Will the Chicago Blackhawks win the 2025 Stan
7,0.0005,0.0,2026-01-01,"Will Bitcoin reach $1,000,000 by December 31,"
3,0.0005,0.0,2026-01-01,"Will Bitcoin reach $1,000,000 by December 31,"
1,0.0005,0.0,2026-01-01,"Will Bitcoin reach $1,000,000 by December 31,"
7,0.001,0.0,2024-12-08,Will another team win the 2024 F1 Constructor
3,0.0005,0.0,2024-12-08,Will another team win the 2024 F1 Constructor
1,0.0005,0.0,2024-12-08,Will another team win the 2024 F1 Constructor
7,0.0015,0.0,2025-02-27,Tottenham Hotspur wins the Premier League?
3,0.0015,0.0,2025-02-27,Tottenham Hotspur wins the Premier League?
1,0.0015,0.0,2025-02-27,Tottenham Hotspur wins the Premier League?
3,0.0035,0.0,2026-01-21,"Will Melania say ""Career"" during AI talk on F"
1,0.002,0.0,2026-01-21,"Will Melania say ""Career"" during AI talk on F"
7,0.0055,0.0,2025-02-19,Will Monaco win the UEFA Champions League?
3,0.0015,0.0,2025-02-19,Will Monaco win the UEFA Champions League?
1,0.0025,0.0,2025-02-19,Will Monaco win the UEFA Champions League?
7,0.0055,0.0,2026-06-17,Will the Fed increase interest rates by 25 bp
3,0.0025,0.0,2026-06-17,Will the Fed increase interest rates by 25 bp
1,0.0015,0.0,2026-06-17,Will the Fed increase interest rates by 25 bp
7,0.0035,0.0,2026-06-17,Will the Fed decrease interest rates by 25 bp
3,0.003,0.0,2026-06-17,Will the Fed decrease interest rates by 25 bp
1,0.0045,0.0,2026-06-17,Will the Fed decrease interest rates by 25 bp
7,0.7855,1.0,2026-06-14,Will the New York Knicks win the 2026 NBA Fin
3,0.6265,1.0,2026-06-14,Will the New York Knicks win the 2026 NBA Fin
1,0.8085,1.0,2026-06-14,Will the New York Knicks win the 2026 NBA Fin
7,0.0935,0.0,2025-01-27,Will the Commanders win Super Bowl 2025?
3,0.1055,0.0,2025-01-27,Will the Commanders win Super Bowl 2025?
1,0.104,0.0,2025-01-27,Will the Commanders win Super Bowl 2025?
7,0.0005,0.0,2026-03-01,Will Tottenham win the 2025–26 English Premie
3,0.0005,0.0,2026-03-01,Will Tottenham win the 2025–26 English Premie
1,0.0005,0.0,2026-03-01,Will Tottenham win the 2025–26 English Premie
7,0.0255,1.0,2026-02-04,U.S. anti-cartel ground operation in Mexico b
3,0.019,1.0,2026-02-04,U.S. anti-cartel ground operation in Mexico b
1,0.991,1.0,2026-02-04,U.S. anti-cartel ground operation in Mexico b
7,0.001,0.0,2024-11-29,Will Nevada be the closest state?
3,0.0005,0.0,2024-11-29,Will Nevada be the closest state?
1,0.001,0.0,2024-11-29,Will Nevada be the closest state?
7,0.424,1.0,2025-06-22,US military action against Iran before July?
3,0.666,1.0,2025-06-22,US military action against Iran before July?
1,0.4135,1.0,2025-06-22,US military action against Iran before July?
7,0.026,0.0,2025-10-10,Will Donald Trump win Nobel Peace Prize in 20
3,0.0265,0.0,2025-10-10,Will Donald Trump win Nobel Peace Prize in 20
1,0.0735,0.0,2025-10-10,Will Donald Trump win Nobel Peace Prize in 20
7,0.0015,0.0,2025-11-10,Will George Russell be the 2025 Drivers Champ
3,0.0015,0.0,2025-11-10,Will George Russell be the 2025 Drivers Champ
1,0.0005,0.0,2025-11-10,Will George Russell be the 2025 Drivers Champ
7,0.0055,0.0,2025-01-22,Will Sturm Graz win the UEFA Champions League
3,0.0005,0.0,2025-01-22,Will Sturm Graz win the UEFA Champions League
1,0.0005,0.0,2025-01-22,Will Sturm Graz win the UEFA Champions League
7,0.0035,0.0,2025-06-18,Fed decreases interest rates by 50+ bps after
3,0.0055,0.0,2025-06-18,Fed decreases interest rates by 50+ bps after
1,0.0035,0.0,2025-06-18,Fed decreases interest rates by 50+ bps after
7,0.585,0.0,2026-06-16,Will Belgium win on 2026-06-15?
3,0.605,0.0,2026-06-16,Will Belgium win on 2026-06-15?
1,0.605,0.0,2026-06-16,Will Belgium win on 2026-06-15?
7,0.004,0.0,2025-01-30,Will Stuttgart win the UEFA Champions League?
3,0.0065,0.0,2025-01-30,Will Stuttgart win the UEFA Champions League?
1,0.006,0.0,2025-01-30,Will Stuttgart win the UEFA Champions League?
7,0.0005,0.0,2025-11-05,Will Brad Lander win the 2025 NYC mayoral ele
3,0.0005,0.0,2025-11-05,Will Brad Lander win the 2025 NYC mayoral ele
1,0.0005,0.0,2025-11-05,Will Brad Lander win the 2025 NYC mayoral ele
7,0.0025,0.0,2026-03-04,Will Trump nominate Christopher Waller as the
3,0.004,0.0,2026-03-04,Will Trump nominate Christopher Waller as the
1,0.0035,0.0,2026-03-04,Will Trump nominate Christopher Waller as the
7,0.0015,0.0,2026-02-28,"Will Bitcoin reach $150,000 in February?"
3,0.0015,0.0,2026-02-28,"Will Bitcoin reach $150,000 in February?"
1,0.0005,0.0,2026-02-28,"Will Bitcoin reach $150,000 in February?"
7,0.425,1.0,2026-04-12,Military action against Iran ends by April 17
3,0.655,1.0,2026-04-12,Military action against Iran ends by April 17
1,0.655,1.0,2026-04-12,Military action against Iran ends by April 17
7,0.0045,0.0,2025-01-21,Will someone else be inaugurated?
3,0.0045,0.0,2025-01-21,Will someone else be inaugurated?
1,0.006,0.0,2025-01-21,Will someone else be inaugurated?
7,0.9555,1.0,2025-07-30,No change in Fed interest rates after July 20
3,0.9515,1.0,2025-07-30,No change in Fed interest rates after July 20
1,0.9635,1.0,2025-07-30,No change in Fed interest rates after July 20
7,0.31,1.0,2025-07-01,Fordow nuclear facility destroyed before July
3,0.83,1.0,2025-07-01,Fordow nuclear facility destroyed before July
1,0.9885,1.0,2025-07-01,Fordow nuclear facility destroyed before July
7,0.64,0.0,2024-12-01,Will Bitcoin hit $100k in November?
3,0.225,0.0,2024-12-01,Will Bitcoin hit $100k in November?
1,0.075,0.0,2024-12-01,Will Bitcoin hit $100k in November?
7,0.001,0.0,2024-08-06,Will Robert F. Kennedy Jr. win the 2024 Democ
3,0.0005,0.0,2024-08-06,Will Robert F. Kennedy Jr. win the 2024 Democ
1,0.0005,0.0,2024-08-06,Will Robert F. Kennedy Jr. win the 2024 Democ
7,0.0015,0.0,2026-01-22,Will Slavia Pragu win the 2025–26 Champions L
3,0.0015,0.0,2026-01-22,Will Slavia Pragu win the 2025–26 Champions L
1,0.0015,0.0,2026-01-22,Will Slavia Pragu win the 2025–26 Champions L
3,0.445,0.0,2026-06-11,Spurs vs. Knicks
1,0.465,0.0,2026-06-11,Spurs vs. Knicks
7,0.029,0.0,2026-05-23,"Will Trump say ""Iran"" during events with Xi J"
3,0.0115,0.0,2026-05-23,"Will Trump say ""Iran"" during events with Xi J"
1,0.0005,0.0,2026-05-23,"Will Trump say ""Iran"" during events with Xi J"
7,0.0005,0.0,2025-02-24,Will another party win the most seats in the 
3,0.0005,0.0,2025-02-24,Will another party win the most seats in the 
1,0.0005,0.0,2025-02-24,Will another party win the most seats in the 
3,0.625,1.0,2025-11-09,LoL: T1 vs KT Rolster (BO5)
1,0.63,1.0,2025-11-09,LoL: T1 vs KT Rolster (BO5)
7,0.0045,0.0,2024-08-06,Will someone else win the 2024 Democratic Pre
3,0.0015,0.0,2024-08-06,Will someone else win the 2024 Democratic Pre
1,0.0005,0.0,2024-08-06,Will someone else win the 2024 Democratic Pre
7,0.9755,1.0,2025-06-18,No change in Fed interest rates after June 20
3,0.973,1.0,2025-06-18,No change in Fed interest rates after June 20
1,0.9775,1.0,2025-06-18,No change in Fed interest rates after June 20
7,0.0005,0.0,2026-03-04,Will Trump nominate Jerome Powell as the next
3,0.0005,0.0,2026-03-04,Will Trump nominate Jerome Powell as the next
1,0.0005,0.0,2026-03-04,Will Trump nominate Jerome Powell as the next
7,0.07,1.0,2024-10-30,Israel military action against Iraq before No
3,0.94,1.0,2024-10-30,Israel military action against Iraq before No
1,0.9925,1.0,2024-10-30,Israel military action against Iraq before No
