,equity
2023-12-31 00:00:00.000,1000.0
2024-01-15 00:00:00.000,990.0
2024-05-14 00:00:00.000,990.0
2024-05-31 12:00:00.000,1040.1
2024-07-11 00:00:00.000,1040.1
2024-07-27 00:00:00.000,1040.1
2024-07-27 00:00:00.000,1040.1
2024-07-28 00:00:00.000,1040.1
2024-07-31 00:00:00.000,1040.1
2024-08-22 12:00:00.000,1101.9281666666668
2024-08-22 12:00:00.000,1091.5271666666667
2024-08-22 12:00:00.000,1081.1261666666667
2024-08-22 12:00:00.000,1070.7251666666668
2024-08-23 00:00:00.000,1070.7251666666668
2024-08-23 12:00:00.000,1060.0179150000001
2024-09-08 00:00:00.000,1060.0179150000001
2024-09-18 12:00:00.000,1087.96384185
2024-09-24 00:00:00.000,1087.96384185
2024-09-29 00:00:00.000,1087.96384185
2024-09-30 12:00:00.000,1077.0842034315
2024-09-30 12:00:00.000,1143.9162680022857
2024-10-06 00:00:00.000,1143.9162680022855
2024-10-12 00:00:00.000,1143.9162680022855
2024-10-15 12:00:00.000,1132.4771053222626
2024-10-20 00:00:00.000,1132.4771053222628
2024-10-27 00:00:00.000,1132.4771053222628
2024-10-27 00:00:00.000,1132.4771053222628
2024-10-27 00:00:00.000,1132.477105322263
2024-10-28 00:00:00.000,1132.477105322263
2024-10-28 00:00:00.000,1132.477105322263
2024-10-28 00:00:00.000,1132.4771053222632
2024-10-28 00:00:00.000,1132.4771053222632
2024-10-28 00:00:00.000,1132.4771053222632
2024-10-28 00:00:00.000,1132.477105322263
2024-10-28 00:00:00.000,1132.477105322263
2024-10-31 00:00:00.000,1132.477105322263
2024-10-31 00:00:00.000,1132.477105322263
2024-10-31 00:00:00.000,1132.477105322263
2024-10-31 12:00:00.000,1202.0435560777735
2024-11-01 00:00:00.000,1202.0435560777735
2024-11-02 00:00:00.000,1202.0435560777735
2024-11-02 00:00:00.000,1202.0435560777735
2024-11-02 00:00:00.000,1202.0435560777735
2024-11-03 00:00:00.000,1202.0435560777735
2024-11-04 00:00:00.000,1202.0435560777735
2024-11-04 00:00:00.000,1202.0435560777735
2024-11-04 12:00:00.000,1190.718785024551
2024-11-04 12:00:00.000,1178.6983494637732
2024-11-04 12:00:00.000,1211.7844452859333
2024-11-04 12:00:00.000,1200.3452826059106
2024-11-04 12:00:00.000,1189.0205115526878
2024-11-04 12:00:00.000,1178.619511552688
2024-11-05 00:00:00.000,1178.619511552688
2024-11-05 12:00:00.000,1166.5990759919102
2024-11-05 12:00:00.000,1155.2743049386875
2024-11-05 12:00:00.000,1143.2538693779097
2024-11-05 12:00:00.000,1131.233433817132
2024-11-05 12:00:00.000,1161.0896484119917
2024-11-05 12:00:00.000,1185.9983543589797
2024-11-05 12:00:00.000,1174.673583305757
2024-11-05 12:00:00.000,1163.3488122525343
2024-11-05 12:00:00.000,1183.8160403695342
2024-11-05 12:00:00.000,1203.180554053607
2024-11-05 12:00:00.000,1191.8557830003845
2024-11-05 12:00:00.000,1208.4934096094398
2024-11-05 12:00:00.000,1197.1686385562173
2024-11-05 12:00:00.000,1185.8438675029947
2024-11-05 12:00:00.000,1174.519096449772
2024-11-06 00:00:00.000,1174.519096449772
2024-11-06 00:00:00.000,1174.519096449772
2024-11-06 00:00:00.000,1174.519096449772
2024-11-06 00:00:00.000,1174.5190964497722
2024-11-06 00:00:00.000,1174.5190964497722
2024-11-06 00:00:00.000,1174.5190964497724
2024-11-07 12:00:00.000,1163.1943253965496
2024-11-08 12:00:00.000,1151.4081302810227
2024-11-12 00:00:00.000,1151.408130281023
2024-11-16 00:00:00.000,1151.408130281023
2024-11-21 00:00:00.000,1151.408130281023
2024-11-21 00:00:00.000,1151.4081302810232
2024-11-22 00:00:00.000,1151.4081302810232
2024-11-22 12:00:00.000,1139.894048978213
2024-11-25 00:00:00.000,1139.894048978213
2024-11-25 00:00:00.000,1139.894048978213
2024-11-30 00:00:00.000,1139.8940489782133
2024-11-30 12:00:00.000,1205.140509694138
2024-11-30 12:00:00.000,1193.6264283913276
2024-11-30 12:00:00.000,1182.1123470885175
2024-12-01 00:00:00.000,1182.1123470885175
2024-12-01 00:00:00.000,1182.1123470885175
2024-12-06 12:00:00.000,1193.741569204356
2024-12-08 00:00:00.000,1193.741569204356
2024-12-08 00:00:00.000,1193.741569204356
2024-12-08 00:00:00.000,1193.7415692043562
2024-12-08 00:00:00.000,1193.7415692043562
2024-12-10 00:00:00.000,1193.7415692043564
2024-12-10 12:00:00.000,1181.920445733471
2024-12-11 00:00:00.000,1181.920445733471
2024-12-13 12:00:00.000,1196.510620468191
2024-12-14 00:00:00.000,1196.510620468191
2024-12-18 12:00:00.000,1184.5732047761476
2024-12-18 12:00:00.000,1172.6357890841039
2024-12-20 00:00:00.000,1172.6357890841039
2024-12-20 12:00:00.000,1190.2141549897476
2024-12-22 00:00:00.000,1190.2141549897476
2024-12-22 00:00:00.000,1190.2141549897474
2024-12-30 12:00:00.000,1178.276739297704
2024-12-30 12:00:00.000,1166.3393236056604
2024-12-30 12:00:00.000,1154.9403831158781
2024-12-31 12:00:00.000,1143.426301813068
2024-12-31 12:00:00.000,1131.5241602631704
2024-12-31 12:00:00.000,1177.9351721168428
2024-12-31 12:00:00.000,1166.115967659508
2024-12-31 12:00:00.000,1154.389609768667
2024-12-31 12:00:00.000,1142.4874682187697
2024-12-31 12:00:00.000,1131.0885277289874
2025-01-04 00:00:00.000,1131.0885277289876
2025-01-05 00:00:00.000,1131.0885277289876
2025-01-09 00:00:00.000,1131.0885277289876
2025-01-10 12:00:00.000,1147.7057542474754
2025-01-12 00:00:00.000,1147.7057542474754
2025-01-17 00:00:00.000,1147.7057542474754
2025-01-18 00:00:00.000,1147.7057542474754
2025-01-21 00:00:00.000,1147.7057542474754
2025-01-22 00:00:00.000,1147.7057542474754
2025-01-24 12:00:00.000,1136.2286967050006
2025-01-27 00:00:00.000,1136.2286967050006
2025-01-31 00:00:00.000,1136.2286967050006
2025-01-31 00:00:00.000,1136.2286967050006
2025-01-31 00:00:00.000,1136.2286967050009
2025-01-31 12:00:00.000,1156.1956324295802
2025-01-31 12:00:00.000,1174.6502347241055
2025-01-31 12:00:00.000,1192.0532312179419
2025-02-07 00:00:00.000,1192.0532312179419
2025-02-09 12:00:00.000,1180.576173675467
2025-02-09 12:00:00.000,1169.0991161329923
2025-02-09 12:00:00.000,1157.7882308557025
2025-02-09 12:00:00.000,1170.0973750700066
2025-02-09 12:00:00.000,1182.4065192843107
2025-02-11 00:00:00.000,1182.4065192843107
2025-02-14 12:00:00.000,1170.4859869721313
2025-02-15 00:00:00.000,1170.4859869721313
2025-02-16 12:00:00.000,1158.78112710241
2025-02-16 12:00:00.000,1171.090271316714
2025-02-19 00:00:00.000,1171.090271316714
2025-02-28 00:00:00.000,1171.090271316714
2025-02-28 00:00:00.000,1171.090271316714
2025-02-28 12:00:00.000,1159.379368603547
2025-03-02 00:00:00.000,1159.379368603547
2025-03-02 00:00:00.000,1159.379368603547
2025-03-09 00:00:00.000,1159.379368603547
2025-03-15 00:00:00.000,1159.379368603547
2025-03-15 12:00:00.000,1183.458786259159
2025-03-22 00:00:00.000,1183.458786259159
2025-03-30 00:00:00.000,1183.4587862591588
2025-03-31 12:00:00.000,1171.6241983965674
2025-03-31 12:00:00.000,1185.0170290338842
2025-04-06 00:00:00.000,1185.0170290338842
2025-04-20 00:00:00.000,1185.0170290338842
2025-04-20 00:00:00.000,1185.0170290338842
2025-04-24 00:00:00.000,1185.0170290338842
2025-04-27 00:00:00.000,1185.0170290338842
2025-04-27 00:00:00.000,1185.0170290338842
2025-04-28 12:00:00.000,1173.1668587435454
2025-04-28 12:00:00.000,1161.3166884532066
2025-04-30 00:00:00.000,1161.3166884532066
2025-04-30 12:00:00.000,1199.8927747175007
2025-04-30 12:00:00.000,1188.4157171750262
2025-04-30 12:00:00.000,1213.5973290419963
2025-04-30 12:00:00.000,1230.9839457783962
2025-05-04 00:00:00.000,1230.9839457783962
2025-05-04 00:00:00.000,1230.9839457783962
2025-05-07 00:00:00.000,1230.9839457783962
2025-05-07 00:00:00.000,1230.9839457783962
2025-05-07 12:00:00.000,1219.1337754880574
2025-05-07 12:00:00.000,1207.2836051977185
2025-05-09 00:00:00.000,1207.2836051977185
2025-05-09 00:00:00.000,1207.2836051977185
2025-05-09 12:00:00.000,1194.9737657399346
2025-05-16 00:00:00.000,1194.9737657399346
2025-05-18 12:00:00.000,1183.0240280825353
2025-05-19 00:00:00.000,1183.0240280825353
2025-05-21 00:00:00.000,1183.0240280825353
2025-05-22 00:00:00.000,1183.0240280825353
2025-05-22 00:00:00.000,1183.0240280825353
2025-05-22 00:00:00.000,1183.0240280825353
2025-05-23 00:00:00.000,1183.0240280825353
2025-05-23 00:00:00.000,1183.0240280825353
2025-05-23 00:00:00.000,1183.0240280825353
2025-05-23 00:00:00.000,1183.0240280825353
2025-05-25 00:00:00.000,1183.0240280825353
2025-05-31 12:00:00.000,1171.19378780171
2025-05-31 12:00:00.000,1159.3635475208846
2025-06-03 12:00:00.000,1147.7503806363525
2025-06-03 12:00:00.000,1167.8937627361363
2025-06-05 12:00:00.000,1155.5839232783524
2025-06-05 12:00:00.000,1172.3291426130472
2025-06-12 00:00:00.000,1172.3291426130472
2025-06-13 00:00:00.000,1172.3291426130472
2025-06-13 00:00:00.000,1172.3291426130472
2025-06-15 00:00:00.000,1172.3291426130472
2025-06-18 00:00:00.000,1172.3291426130472
2025-06-18 00:00:00.000,1172.3291426130472
2025-06-21 00:00:00.000,1172.3291426130472
2025-06-22 00:00:00.000,1172.3291426130472
2025-06-23 00:00:00.000,1172.3291426130472
2025-06-23 12:00:00.000,1160.4989023322219
2025-06-23 12:00:00.000,1148.6686620513965
2025-06-23 12:00:00.000,1136.3588225936123
2025-06-23 12:00:00.000,1124.0489831358284
2025-06-23 12:00:00.000,1112.325691709698
2025-06-23 12:00:00.000,1100.6024002835675
2025-06-24 12:00:00.000,1141.5680590872369
2025-06-24 12:00:00.000,1177.6949367473533
2025-06-25 00:00:00.000,1177.6949367473533
2025-06-30 00:00:00.000,1165.971645321223
2025-06-30 12:00:00.000,1154.1946959537493
2025-06-30 12:00:00.000,1142.471404527619
2025-06-30 12:00:00.000,1171.8104298304918
2025-06-30 23:55:00.000,1231.1373894718186
2025-06-30 23:55:00.000,1219.4140980456882
2025-07-22 00:00:00.000,1219.4140980456882
2025-07-23 00:00:00.000,1219.414098045688
2025-07-25 00:00:00.000,1219.414098045688
2025-07-25 00:00:00.000,1219.414098045688
2025-07-31 00:00:00.000,1207.219957065231
2025-08-01 04:00:00.000,1195.0258160847743
2025-08-12 00:00:00.000,1195.0258160847743
2025-08-12 00:00:00.000,1195.025816084774
2025-08-18 00:00:00.000,1195.0258160847739
2025-08-22 00:00:00.000,1195.025816084774
2025-08-31 00:00:00.000,1255.501364959367
2025-08-31 00:00:00.000,1243.5511067985194
2025-09-07 00:00:00.000,1243.5511067985194
2025-09-07 00:00:00.000,1243.5511067985196
2025-09-09 00:00:00.000,1243.5511067985199
2025-09-17 12:00:00.000,1231.1155957305346
2025-09-17 12:00:00.000,1218.6800846625492
2025-09-19 00:00:00.000,1218.6800846625492
2025-09-21 00:00:00.000,1218.6800846625492
2025-09-25 00:00:00.000,1218.680084662549
2025-09-30 00:00:00.000,1206.4932838159234
2025-09-30 00:00:00.000,1225.5400792491666
2025-09-30 00:00:00.000,1213.353278402541
2025-10-01 00:00:00.000,1201.1664775559157
2025-10-10 00:00:00.000,1201.1664775559157
2025-10-13 00:00:00.000,1201.1664775559157
2025-10-14 00:00:00.000,1201.1664775559154
2025-10-19 00:00:00.000,1215.6413944243677
2025-10-20 00:00:00.000,1215.6413944243675
2025-10-23 00:00:00.000,1215.6413944243675
2025-10-23 00:00:00.000,1215.6413944243675
2025-10-24 00:15:00.000,1243.012237109658
2025-10-26 00:00:00.000,1243.0122371096581
2025-10-26 00:00:00.000,1243.0122371096581
2025-10-26 00:00:00.000,1243.0122371096581
2025-10-27 23:00:00.000,1231.000572334099
2025-10-28 00:00:00.000,1231.000572334099
2025-10-28 00:00:00.000,1231.000572334099
2025-10-28 00:00:00.000,1231.000572334099
2025-10-28 13:00:00.000,1218.5704499630024
2025-10-29 00:00:00.000,1218.5704499630024
2025-10-29 00:00:00.000,1218.5704499630024
2025-10-30 00:00:00.000,1218.5704499630026
2025-10-30 00:00:00.000,1218.5704499630026
2025-10-31 00:00:00.000,1206.414036018759
2025-10-31 00:00:00.000,1194.2576220745152
2025-10-31 00:00:00.000,1194.2576220745152
2025-10-31 00:00:00.000,1194.257622074515
2025-10-31 12:00:00.000,1219.0614342252934
2025-10-31 12:00:00.000,1243.4737323447162
2025-10-31 13:00:00.000,1257.775055932967
2025-11-01 13:00:00.000,1329.628692810096
2025-11-02 00:00:00.000,1329.628692810096
2025-11-03 00:00:00.000,1329.628692810096
2025-11-03 00:00:00.000,1329.628692810096
2025-11-04 00:00:00.000,1317.1985704389995
2025-11-04 00:00:00.000,1317.1985704389995
2025-11-04 12:00:00.000,1305.0128659393695
2025-11-04 12:00:00.000,1292.8271614397395
2025-11-09 00:00:00.000,1378.1270929371497
2025-11-09 00:00:00.000,1378.1270929371497
2025-11-09 13:00:00.000,1364.8308060090487
2025-11-11 00:00:00.000,1364.8308060090485
2025-11-11 00:00:00.000,1364.8308060090485
2025-11-11 01:15:00.000,1381.485519634745
2025-11-15 00:00:00.000,1368.1892327066441
2025-11-15 00:00:00.000,1423.0790325893174
2025-11-15 00:00:00.000,1445.6120460588168
2025-11-16 00:00:00.000,1445.6120460588168
2025-11-17 00:00:00.000,1445.6120460588168
2025-11-18 00:00:00.000,1445.6120460588168
2025-11-18 01:15:00.000,1461.7111396975154
2025-11-18 01:15:00.000,1448.062831637425
2025-11-20 00:00:00.000,1448.0628316374248
2025-11-21 00:00:00.000,1448.0628316374248
2025-11-21 00:00:00.000,1470.8100117375757
2025-11-21 00:00:00.000,1470.8100117375755
2025-11-21 00:00:00.000,1470.8100117375755
2025-11-24 00:00:00.000,1470.8100117375755
2025-11-24 00:00:00.000,1470.8100117375752
2025-11-25 00:00:00.000,1470.8100117375752
2025-11-25 00:00:00.000,1470.8100117375752
2025-11-25 00:00:00.000,1470.8100117375752
2025-11-25 00:00:00.000,1470.8100117375752
2025-11-25 00:00:00.000,1470.810011737575
2025-11-26 00:00:00.000,1470.810011737575
2025-11-27 00:00:00.000,1470.810011737575
2025-11-27 00:00:00.000,1470.8100117375748
2025-11-27 18:00:00.000,1489.5294118869622
2025-11-27 21:30:00.000,1512.0570082692718
2025-11-28 00:00:00.000,1512.0570082692718
2025-11-28 01:20:00.000,1550.8329085787173
2025-11-29 00:00:00.000,1550.8329085787173
2025-11-29 00:00:00.000,1550.8329085787173
2025-11-30 00:00:00.000,1536.1248084613414
2025-11-30 00:00:00.000,1521.6686880007533
2025-11-30 00:00:00.000,1521.6686880007533
2025-11-30 00:00:00.000,1521.6686880007533
2025-11-30 00:00:00.000,1521.6686880007533
2025-11-30 00:00:00.000,1521.6686880007535
2025-11-30 18:00:00.000,1507.2125675401653
2025-12-01 00:00:00.000,1507.2125675401653
2025-12-02 01:15:00.000,1492.5044674227895
2025-12-04 00:00:00.000,1492.5044674227897
2025-12-04 00:30:00.000,1476.9961383370023
2025-12-05 00:00:00.000,1476.9961383370025
2025-12-05 01:15:00.000,1462.2880382196267
2025-12-07 12:00:00.000,1447.0713513396192
2025-12-07 12:00:00.000,1432.3632512222434
2025-12-07 12:00:00.000,1417.6551511048676
2025-12-08 20:15:00.000,1437.7981532507752
2025-12-09 00:00:00.000,1437.7981532507754
2025-12-10 00:00:00.000,1422.5814663707679
2025-12-10 00:00:00.000,1407.3647794907602
2025-12-10 00:00:00.000,1407.3647794907602
2025-12-10 00:00:00.000,1407.3647794907602
2025-12-11 00:00:00.000,1393.2911316958525
2025-12-11 03:00:00.000,1413.6877450347922
2025-12-12 00:00:00.000,1413.6877450347924
2025-12-13 00:00:00.000,1413.6877450347922
2025-12-14 00:00:00.000,1413.6877450347922
2025-12-14 00:00:00.000,1413.6877450347922
2025-12-15 00:00:00.000,1413.6877450347922
2025-12-18 20:15:00.000,1433.5430528653983
2025-12-19 00:00:00.000,1419.4061754150503
2025-12-19 00:00:00.000,1405.2692979647022
2025-12-19 00:00:00.000,1391.1956501697946
2025-12-20 00:00:00.000,1391.1956501697946
2025-12-20 00:00:00.000,1391.1956501697946
2025-12-20 00:00:00.000,1391.1956501697946
2025-12-20 00:00:00.000,1391.1956501697946
2025-12-20 00:00:00.000,1391.1956501697946
2025-12-20 00:00:00.000,1391.1956501697946
2025-12-20 00:00:00.000,1391.1956501697944
2025-12-20 00:00:00.000,1391.1956501697944
2025-12-21 00:00:00.000,1391.1956501697944
2025-12-21 00:00:00.000,1391.1956501697944
2025-12-21 00:00:00.000,1391.1956501697946
2025-12-21 13:00:00.000,1405.618121103988
2025-12-22 00:00:00.000,1405.618121103988
2025-12-22 00:00:00.000,1405.618121103988
2025-12-22 00:00:00.000,1405.618121103988
2025-12-22 00:00:00.000,1405.618121103988
2025-12-23 00:00:00.000,1405.618121103988
2025-12-24 00:00:00.000,1405.618121103988
2025-12-24 00:00:00.000,1405.618121103988
2025-12-24 00:00:00.000,1405.618121103988
2025-12-25 00:00:00.000,1405.618121103988
2025-12-25 19:30:00.000,1438.079352941283
2025-12-26 00:00:00.000,1424.0231717302431
2025-12-26 00:00:00.000,1409.9669905192034
2025-12-26 00:00:00.000,1409.9669905192034
2025-12-31 00:00:00.000,1513.0264887242474
2025-12-31 00:00:00.000,1498.3183886068714
2025-12-31 00:00:00.000,1484.2622073958316
2025-12-31 00:00:00.000,1544.3500195201868
2025-12-31 00:00:00.000,1529.641919402811
2025-12-31 00:00:00.000,1515.7299629011131
2025-12-31 00:00:00.000,1501.818006399415
2025-12-31 00:00:00.000,1524.8227309815704
2025-12-31 00:00:00.000,1510.1146308641946
2025-12-31 12:00:00.000,1603.5885645556696
2025-12-31 12:00:00.000,1632.4405964764965
2025-12-31 12:00:00.000,1661.2926283973234
2025-12-31 12:00:00.000,1685.8503022593823
2025-12-31 12:00:00.000,1670.7781765839804
2025-12-31 12:00:00.000,1656.8662200822826
2026-01-01 05:00:00.000,1642.8100388712428
2026-01-01 05:00:00.000,1628.7538576602028
2026-01-01 05:00:00.000,1616.4438519368618
2026-01-01 05:00:00.000,1604.1338462135209
2026-01-01 05:00:00.000,1589.0132761308282
2026-01-01 05:00:00.000,1574.9570949197882
2026-01-01 05:00:00.000,1591.7936196670778
2026-01-04 05:00:00.000,1577.7374384560378
2026-01-06 00:00:00.000,1577.737438456038
2026-01-07 00:00:00.000,1577.737438456038
2026-01-07 00:00:00.000,1577.737438456038
2026-01-08 00:00:00.000,1577.7374384560383
2026-01-08 00:00:00.000,1577.7374384560385
2026-01-09 00:00:00.000,1577.7374384560385
2026-01-11 00:00:00.000,1577.7374384560385
2026-01-11 00:00:00.000,1577.7374384560387
2026-01-11 01:00:00.000,1593.514812840599
2026-01-11 18:00:00.000,1577.7374384560387
2026-01-12 00:00:00.000,1577.737438456039
2026-01-12 00:00:00.000,1577.737438456039
2026-01-12 00:00:00.000,1577.737438456039
2026-01-14 00:00:00.000,1577.7374384560392
2026-01-14 00:00:00.000,1577.7374384560394
2026-01-14 00:00:00.000,1577.7374384560394
2026-01-14 00:00:00.000,1577.7374384560394
2026-01-14 00:00:00.000,1577.7374384560396
2026-01-15 00:00:00.000,1561.9600640714793
2026-01-16 00:00:00.000,1561.9600640714793
2026-01-16 00:00:00.000,1561.9600640714793
2026-01-16 00:00:00.000,1561.9600640714793
2026-01-16 00:00:00.000,1561.960064071479
2026-01-16 00:00:00.000,1561.9600640714793
2026-01-17 00:00:00.000,1561.9600640714793
2026-01-17 00:00:00.000,1561.9600640714793
2026-01-17 15:00:00.000,1581.6374635848074
2026-01-17 21:30:00.000,1565.860089200247
2026-01-18 01:00:00.000,1550.0827148156868
2026-01-18 16:15:00.000,1570.9969087673132
2026-01-18 16:30:00.000,1593.2373039841032
2026-01-18 20:00:00.000,1620.6856128449135
2026-01-18 20:00:00.000,1604.908238460353
2026-01-18 23:30:00.000,1589.1308640757927
2026-01-19 00:00:00.000,1589.1308640757927
2026-01-19 00:00:00.000,1589.130864075793
2026-01-20 00:00:00.000,1589.130864075793
2026-01-20 00:00:00.000,1589.130864075793
2026-01-20 00:30:00.000,1573.3534896912324
2026-01-20 20:00:00.000,1592.6369472723618
2026-01-21 00:00:00.000,1592.6369472723618
2026-01-21 20:00:00.000,1576.8595728878015
2026-01-21 20:00:00.000,1561.0821985032412
2026-01-22 00:00:00.000,1561.0821985032412
2026-01-22 00:00:00.000,1561.0821985032412
2026-01-22 00:00:00.000,1561.0821985032414
2026-01-23 00:00:00.000,1561.0821985032417
2026-01-23 00:00:00.000,1561.0821985032417
2026-01-25 00:00:00.000,1561.0821985032417
2026-01-25 00:00:00.000,1561.082198503242
2026-01-25 20:00:00.000,1545.190889862484
2026-01-25 23:30:00.000,1529.299581221726
2026-01-28 00:00:00.000,1529.2995812217262
2026-01-28 20:00:00.000,1563.0686120833366
2026-01-30 00:00:00.000,1563.0686120833366
2026-01-30 00:00:00.000,1563.0686120833366
2026-01-30 00:00:00.000,1563.0686120833366
2026-01-30 00:00:00.000,1563.0686120833366
2026-01-30 00:00:00.000,1563.0686120833366
2026-01-31 00:00:00.000,1547.4577900983043
2026-01-31 00:00:00.000,1531.846968113272
2026-01-31 00:00:00.000,1516.2361461282394
2026-01-31 00:00:00.000,1500.9431503160222
2026-01-31 00:00:00.000,1485.3323283309896
2026-01-31 00:00:00.000,1469.712727690275
2026-01-31 00:00:00.000,1454.1019057052424
2026-01-31 00:00:00.000,1438.3245313206821
2026-01-31 12:00:00.000,1521.2075308754345
2026-01-31 20:00:00.000,1505.5967088904022
2026-02-01 05:00:00.000,1579.3963646161214
2026-02-01 05:00:00.000,1649.404021601082
2026-02-05 00:00:00.000,1649.404021601082
2026-02-05 00:00:00.000,1649.4040216010821
2026-02-05 00:00:00.000,1649.4040216010821
2026-02-06 00:00:00.000,1649.4040216010824
2026-02-06 00:00:00.000,1649.4040216010824
2026-02-07 00:00:00.000,1649.4040216010826
2026-02-08 00:00:00.000,1669.7059472522799
2026-02-08 00:00:00.000,1669.7059472522799
2026-02-08 00:00:00.000,1669.7059472522799
2026-02-08 12:00:00.000,1654.086346611565
2026-02-08 12:00:00.000,1638.4667459708503
2026-02-08 12:00:00.000,1622.836059850017
2026-02-08 12:00:00.000,1607.2053737291835
2026-02-08 23:30:00.000,1591.5746876083501
2026-02-08 23:30:00.000,1575.9440014875167
2026-02-11 00:00:00.000,1575.9440014875167
2026-02-11 00:00:00.000,1575.9440014875167
2026-02-12 00:00:00.000,1575.944001487517
2026-02-12 00:00:00.000,1575.9440014875167
2026-02-12 00:00:00.000,1575.9440014875167
2026-02-12 03:00:00.000,1559.4499612715058
2026-02-12 20:00:00.000,1588.4982702168536
2026-02-13 00:00:00.000,1572.0042300008429
2026-02-14 00:00:00.000,1591.7608276222184
2026-02-14 00:00:00.000,1591.7608276222186
2026-02-17 00:00:00.000,1591.7608276222186
2026-02-17 00:00:00.000,1591.7608276222186
2026-02-17 00:00:00.000,1591.7608276222186
2026-02-17 00:00:00.000,1591.7608276222186
2026-02-17 00:00:00.000,1591.7608276222186
2026-02-17 00:00:00.000,1591.7608276222186
2026-02-17 00:00:00.000,1591.7608276222186
2026-02-17 00:00:00.000,1591.7608276222186
2026-02-17 00:00:00.000,1591.7608276222186
2026-02-17 00:00:00.000,1591.7608276222186
2026-02-17 00:00:00.000,1591.7608276222188
2026-02-17 00:00:00.000,1591.7608276222188
2026-02-17 00:00:00.000,1591.7608276222188
2026-02-17 00:00:00.000,1591.760827622219
2026-02-17 20:00:00.000,1610.971422929315
2026-02-17 20:00:00.000,1594.4773827133042
2026-02-18 00:00:00.000,1594.4773827133042
2026-02-18 00:00:00.000,1594.4773827133042
2026-02-18 00:00:00.000,1594.477382713304
2026-02-18 00:00:00.000,1594.477382713304
2026-02-18 00:00:00.000,1594.477382713304
2026-02-19 00:00:00.000,1594.477382713304
2026-02-19 00:00:00.000,1594.477382713304
2026-02-20 00:00:00.000,1594.477382713304
2026-02-20 00:00:00.000,1594.477382713304
2026-02-21 20:00:00.000,1578.717942698429
2026-02-21 20:00:00.000,1562.9585026835537
2026-02-22 00:00:00.000,1562.9585026835537
2026-02-22 00:00:00.000,1562.9585026835537
2026-02-22 16:30:00.000,1547.1990626686784
2026-02-24 00:00:00.000,1565.9168406396607
2026-02-24 17:45:00.000,1549.9992323634383
2026-02-25 00:00:00.000,1549.9992323634383
2026-03-01 05:00:00.000,1534.0544585363054
2026-03-01 05:00:00.000,1518.1096847091721
2026-03-01 05:00:00.000,1502.1649108820393
2026-03-01 16:30:00.000,1486.220137054906
2026-03-03 03:00:00.000,1501.4131988374784
2026-03-03 20:15:00.000,1522.1314859660745
2026-03-09 00:00:00.000,1522.1314859660745
2026-03-18 00:00:00.000,1522.1314859660745
2026-03-18 00:00:00.000,1522.1314859660743
2026-03-18 00:00:00.000,1522.1314859660743
2026-03-18 00:00:00.000,1522.1314859660743
2026-03-18 20:00:00.000,1506.9101711064136
2026-03-20 00:00:00.000,1506.9101711064136
2026-03-21 00:00:00.000,1506.9101711064136
2026-03-22 00:00:00.000,1506.9101711064136
2026-03-22 00:00:00.000,1506.9101711064136
2026-03-22 00:00:00.000,1506.9101711064136
2026-03-23 00:00:00.000,1506.9101711064136
2026-03-23 00:00:00.000,1506.9101711064136
2026-03-23 00:00:00.000,1506.9101711064136
2026-03-24 00:00:00.000,1506.9101711064136
2026-03-24 00:00:00.000,1506.9101711064136
2026-03-26 00:00:00.000,1506.9101711064136
2026-03-26 00:00:00.000,1506.9101711064136
2026-03-26 00:00:00.000,1506.9101711064136
2026-03-26 00:00:00.000,1506.9101711064136
2026-03-26 04:00:00.000,1527.2977793037358
2026-03-27 00:00:00.000,1527.2977793037358
2026-03-28 00:00:00.000,1527.2977793037358
2026-03-28 00:00:00.000,1527.2977793037358
2026-03-28 01:45:00.000,1512.2286775926714
2026-03-29 00:00:00.000,1512.2286775926714
2026-03-29 00:00:00.000,1512.2286775926714
2026-03-30 00:00:00.000,1512.2286775926714
2026-03-31 00:00:00.000,1497.1595758816075
2026-03-31 00:00:00.000,1482.090474170543
2026-03-31 00:00:00.000,1467.0213724594792
2026-03-31 00:00:00.000,1517.900659887263
2026-03-31 00:00:00.000,1502.8315581761988
2026-03-31 00:00:00.000,1487.7624564651346
2026-03-31 00:00:00.000,1472.541141605474
2026-03-31 23:55:00.000,1457.4720398944096
2026-04-01 04:00:00.000,1442.250725034749
2026-04-01 04:00:00.000,1427.1816233236848
2026-04-01 04:00:00.000,1445.5622479412868
2026-04-04 00:00:00.000,1445.5622479412868
2026-04-07 00:00:00.000,1561.9381070429838
2026-04-08 19:00:00.000,1546.6651292499464
2026-04-09 00:00:00.000,1546.6651292499464
2026-04-09 00:00:00.000,1546.6651292499464
2026-04-09 00:00:00.000,1546.6651292499464
2026-04-10 00:00:00.000,1531.5428424740198
2026-04-10 00:00:00.000,1531.5428424740198
2026-04-12 00:00:00.000,1531.5428424740198
2026-04-12 00:00:00.000,1531.5428424740198
2026-04-12 00:00:00.000,1531.5428424740198
2026-04-13 00:00:00.000,1576.2879176757117
2026-04-14 19:00:00.000,1561.8322951962987
2026-04-15 00:00:00.000,1561.8322951962987
2026-04-15 00:00:00.000,1593.129660288509
2026-04-15 00:00:00.000,1577.6630089960095
2026-04-15 00:00:00.000,1577.6630089960095
2026-04-15 00:00:00.000,1577.6630089960095
2026-04-15 23:55:00.000,1562.390031202972
2026-04-16 00:00:00.000,1562.390031202972
2026-04-18 00:00:00.000,1562.390031202972
2026-04-18 00:00:00.000,1562.390031202972
2026-04-18 00:00:00.000,1562.390031202972
2026-04-19 00:30:00.000,1593.7078192919973
2026-04-20 00:00:00.000,1593.7078192919973
2026-04-22 00:00:00.000,1578.241167999498
2026-04-22 00:00:00.000,1663.4166245392728
2026-04-22 00:00:00.000,1663.4166245392728
2026-04-22 00:00:00.000,1663.4166245392728
2026-04-22 00:00:00.000,1663.4166245392728
2026-04-22 00:00:00.000,1663.4166245392728
2026-04-22 00:00:00.000,1663.4166245392728
2026-04-22 00:00:00.000,1663.4166245392728
2026-04-22 00:00:00.000,1663.4166245392728
2026-04-22 00:00:00.000,1663.4166245392728
2026-04-22 00:00:00.000,1663.4166245392728
2026-04-22 00:00:00.000,1663.4166245392728
2026-04-22 00:00:00.000,1663.4166245392728
2026-04-22 00:00:00.000,1663.4166245392728
2026-04-23 00:00:00.000,1663.4166245392728
2026-04-23 00:00:00.000,1663.4166245392728
2026-04-23 23:00:00.000,1688.9082513641633
2026-04-24 00:00:00.000,1688.9082513641633
2026-04-24 00:00:00.000,1688.9082513641633
2026-04-25 00:00:00.000,1736.2516476010503
2026-04-25 00:00:00.000,1736.2516476010503
2026-04-25 00:00:00.000,1736.2516476010503
2026-04-25 00:00:00.000,1736.2516476010503
2026-04-25 00:00:00.000,1736.2516476010503
2026-04-25 02:30:00.000,1719.6174813556577
2026-04-26 00:00:00.000,1719.6174813556577
2026-04-26 00:30:00.000,1755.090332817318
2026-04-26 19:30:00.000,1738.4561665719252
2026-04-27 00:00:00.000,1738.4561665719252
2026-04-27 00:00:00.000,1738.4561665719252
2026-04-27 01:30:00.000,1721.8220003265326
2026-04-28 00:00:00.000,1721.8220003265326
2026-04-28 00:00:00.000,1721.8220003265326
2026-04-29 04:00:00.000,1704.932917812891
2026-04-29 19:00:00.000,1688.2987515674981
2026-04-29 19:00:00.000,1671.6645853221055
2026-04-30 00:00:00.000,1656.3491568973654
2026-04-30 00:00:00.000,1738.201020284272
2026-04-30 00:00:00.000,1722.8855918595318
2026-04-30 00:00:00.000,1707.4189405670322
2026-04-30 00:00:00.000,1692.145962773995
2026-04-30 00:00:00.000,1692.145962773995
2026-04-30 00:00:00.000,1692.145962773995
2026-04-30 04:00:00.000,1723.012658731347
2026-04-30 23:55:00.000,1706.3784924859542
2026-05-01 00:00:00.000,1706.3784924859542
2026-05-01 00:00:00.000,1706.3784924859542
2026-05-01 04:00:00.000,1736.6011325656114
2026-05-02 00:00:00.000,1736.6011325656114
2026-05-02 00:00:00.000,1736.6011325656114
2026-05-02 00:00:00.000,1736.6011325656114
2026-05-02 04:00:00.000,1764.3712765251369
2026-05-03 00:00:00.000,1764.3712765251369
2026-05-03 00:00:00.000,1764.3712765251369
2026-05-03 00:00:00.000,1764.3712765251369
2026-05-03 00:00:00.000,1764.3712765251369
2026-05-03 04:00:00.000,1747.1530565218716
2026-05-04 00:00:00.000,1747.1530565218716
2026-05-04 00:00:00.000,1747.1530565218716
2026-05-04 00:00:00.000,1747.1530565218716
2026-05-04 04:00:00.000,1853.8299832366163
2026-05-04 14:00:00.000,1873.6562974917608
2026-05-05 00:00:00.000,1873.6562974917608
2026-05-05 04:00:00.000,1856.0125847265094
2026-05-06 00:00:00.000,1856.0125847265094
2026-05-06 00:00:00.000,1856.0125847265094
2026-05-07 00:00:00.000,1856.0125847265094
2026-05-07 00:00:00.000,1856.0125847265094
2026-05-07 00:00:00.000,1856.0125847265094
2026-05-08 04:00:00.000,1838.368871961258
2026-05-08 23:00:00.000,1820.8973413960393
2026-05-09 00:00:00.000,1820.8973413960393
2026-05-10 00:00:00.000,1820.8973413960393
2026-05-10 00:00:00.000,1820.8973413960393
2026-05-10 03:59:59.999,1886.5195872694699
2026-05-10 15:30:00.000,1869.4558023446102
2026-05-10 19:00:00.000,1852.3920174197508
2026-05-10 23:30:00.000,1887.1884915160263
2026-05-11 18:45:00.000,1913.7870658249426
2026-05-12 02:30:00.000,1895.2269399776774
2026-05-13 00:00:00.000,1895.2269399776774
2026-05-14 00:00:00.000,1895.2269399776774
2026-05-15 00:00:00.000,1876.6668141304124
2026-05-15 00:00:00.000,1861.3513857056723
2026-05-15 00:00:00.000,1861.3513857056723
2026-05-15 00:00:00.000,1928.5457953957898
2026-05-15 00:00:00.000,1928.5457953957898
2026-05-15 00:00:00.000,1928.5457953957898
2026-05-15 00:00:00.000,1928.5457953957898
2026-05-15 00:00:00.000,1928.5457953957898
2026-05-15 00:00:00.000,1928.5457953957898
2026-05-16 00:00:00.000,1928.5457953957898
2026-05-16 14:00:00.000,1909.9856695485246
2026-05-17 00:00:00.000,1909.9856695485246
2026-05-17 00:00:00.000,1909.9856695485246
2026-05-17 00:00:00.000,1909.9856695485246
2026-05-17 00:00:00.000,1909.9856695485246
2026-05-17 00:00:00.000,1909.9856695485246
2026-05-17 16:30:00.000,1928.920747433108
2026-05-19 00:00:00.000,1928.920747433108
2026-05-19 00:00:00.000,1928.920747433108
2026-05-19 00:00:00.000,1928.920747433108
2026-05-19 00:30:00.000,1968.5896805698853
2026-05-19 18:30:00.000,1989.965431968882
2026-05-20 00:00:00.000,1989.965431968882
2026-05-20 00:00:00.000,1989.965431968882
2026-05-20 00:00:00.000,1989.965431968882
2026-05-21 00:00:00.000,1989.965431968882
2026-05-21 00:00:00.000,1989.965431968882
2026-05-21 00:00:00.000,1989.965431968882
2026-05-21 00:00:00.000,1989.965431968882
2026-05-21 00:00:00.000,1989.965431968882
2026-05-21 00:30:00.000,1970.865575273397
2026-05-22 00:00:00.000,1951.5763677990658
2026-05-22 00:00:00.000,1951.5763677990658
2026-05-22 00:00:00.000,1951.5763677990658
2026-05-22 00:00:00.000,1951.5763677990658
2026-05-22 00:00:00.000,1951.5763677990658
2026-05-23 00:00:00.000,1951.5763677990658
2026-05-23 00:00:00.000,1951.5763677990658
2026-05-23 00:30:00.000,1971.0620801853688
2026-05-24 00:00:00.000,1951.9622234898836
2026-05-24 00:00:00.000,1932.6730160155525
2026-05-24 00:00:00.000,1932.6730160155525
2026-05-24 00:00:00.000,1932.6730160155523
2026-05-24 00:00:00.000,1932.673016015552
2026-05-24 15:00:00.000,1962.3163091793053
2026-05-25 00:00:00.000,1985.4209642859219
2026-05-25 00:00:00.000,1985.4209642859219
2026-05-25 00:00:00.000,1985.4209642859216
2026-05-25 00:00:00.000,1985.4209642859214
2026-05-25 00:00:00.000,1985.4209642859214
2026-05-26 00:00:00.000,1965.9052006079307
2026-05-26 00:00:00.000,1946.005546288242
2026-05-27 00:00:00.000,1927.7965728742815
2026-05-27 00:00:00.000,1909.5875994603211
2026-05-27 00:30:00.000,1889.6879451406323
2026-05-29 00:00:00.000,1889.687945140632
2026-05-29 00:00:00.000,1889.687945140632
2026-05-29 00:00:00.000,1889.687945140632
2026-05-29 00:30:00.000,1910.3525306872816
2026-05-30 16:00:00.000,1890.4528763675926
2026-05-30 16:00:00.000,1870.553222047904
2026-05-31 00:00:00.000,1851.9930962006388
2026-05-31 00:00:00.000,1834.7969213870824
2026-05-31 00:00:00.000,1815.470191226927
2026-05-31 00:00:00.000,1795.9544275489366
2026-05-31 00:00:00.000,1776.6276973887811
2026-05-31 00:00:00.000,1759.2616860631251
2026-05-31 00:00:00.000,1739.7459223851342
2026-05-31 00:00:00.000,1780.7275205372948
2026-05-31 00:00:00.000,1761.2117568593044
2026-05-31 00:00:00.000,1743.8271951935853
2026-05-31 00:00:00.000,1728.758093482521
2026-05-31 00:00:00.000,1755.6196712346245
2026-05-31 00:00:00.000,1735.720016914936
2026-05-31 00:00:00.000,1715.820362595247
2026-06-01 00:00:00.000,1715.820362595247
2026-06-01 00:00:00.000,1715.820362595247
2026-06-01 00:00:00.000,1715.820362595247
2026-06-01 00:00:00.000,1715.820362595247
2026-06-02 00:00:00.000,1715.820362595247
2026-06-02 00:00:00.000,1715.820362595247
2026-06-03 00:00:00.000,1750.3612478643308
2026-06-03 00:00:00.000,1750.3612478643308
2026-06-03 00:00:00.000,1750.361247864331
2026-06-04 00:00:00.000,1750.3612478643313
2026-06-04 00:00:00.000,1750.3612478643313
2026-06-04 00:00:00.000,1750.3612478643313
2026-06-04 00:00:00.000,1750.3612478643315
2026-06-04 00:00:00.000,1750.3612478643317
2026-06-04 00:00:00.000,1750.3612478643317
2026-06-04 00:30:00.000,1780.211821295783
2026-06-05 00:00:00.000,1780.211821295783
2026-06-05 00:00:00.000,1780.211821295783
2026-06-05 00:00:00.000,1780.211821295783
2026-06-05 00:00:00.000,1780.211821295783
2026-06-05 00:00:00.000,1780.211821295783
2026-06-05 00:00:00.000,1780.211821295783
2026-06-05 00:00:00.000,1780.211821295783
2026-06-06 00:00:00.000,1780.211821295783
2026-06-06 00:00:00.000,1780.211821295783
2026-06-06 00:00:00.000,1780.211821295783
2026-06-06 00:00:00.000,1780.211821295783
2026-06-06 00:00:00.000,1780.211821295783
2026-06-06 00:00:00.000,1780.2118212957828
2026-06-06 00:30:00.000,1808.2067851065472
2026-06-07 00:00:00.000,1791.0485814805945
2026-06-07 00:00:00.000,1772.151702029188
2026-06-07 00:00:00.000,1808.8338797878002
2026-06-07 00:00:00.000,1808.8338797878
2026-06-07 00:00:00.000,1808.8338797878
2026-06-07 00:00:00.000,1808.8338797878
2026-06-07 00:00:00.000,1808.8338797877998
2026-06-07 00:00:00.000,1808.8338797877996
2026-06-08 00:00:00.000,1808.8338797877996
2026-06-08 00:00:00.000,1808.8338797877996
2026-06-08 00:00:00.000,1808.8338797877996
2026-06-08 00:00:00.000,1808.8338797877993
2026-06-08 00:00:00.000,1808.833879787799
2026-06-08 00:00:00.000,1808.833879787799
2026-06-08 00:00:00.000,1808.833879787799
2026-06-08 00:00:00.000,1808.8338797877989
2026-06-08 00:00:00.000,1808.8338797877987
2026-06-09 00:00:00.000,1808.8338797877987
2026-06-09 00:00:00.000,1808.8338797877987
2026-06-09 00:00:00.000,1808.8338797877984
2026-06-09 00:00:00.000,1808.8338797877984
2026-06-09 00:30:00.000,1827.0519254288351
2026-06-10 00:00:00.000,1827.0519254288351
2026-06-10 00:00:00.000,1827.0519254288351
2026-06-10 00:00:00.000,1827.051925428835
2026-06-10 00:00:00.000,1827.051925428835
2026-06-10 00:00:00.000,1827.0519254288347
2026-06-11 00:00:00.000,1827.0519254288347
2026-06-11 00:00:00.000,1827.0519254288347
2026-06-11 00:00:00.000,1827.0519254288347
2026-06-11 00:00:00.000,1827.0519254288347
2026-06-11 00:00:00.000,1827.0519254288345
2026-06-11 00:00:00.000,1827.0519254288345
2026-06-11 00:30:00.000,1809.2498072158767
2026-06-11 19:00:00.000,1792.091603589924
2026-06-12 00:00:00.000,1792.091603589924
2026-06-12 00:00:00.000,1792.0916035899238
2026-06-12 00:00:00.000,1792.0916035899238
2026-06-12 00:00:00.000,1792.0916035899236
2026-06-12 00:00:00.000,1792.0916035899236
2026-06-12 00:00:00.000,1792.0916035899236
2026-06-12 00:00:00.000,1792.0916035899236
2026-06-12 00:00:00.000,1792.0916035899236
2026-06-12 00:00:00.000,1792.0916035899236
2026-06-12 00:00:00.000,1792.0916035899236
2026-06-12 02:00:00.000,1821.942177021375
2026-06-12 19:00:00.000,1840.9065073447962
2026-06-13 00:00:00.000,1822.985591308897
2026-06-13 00:00:00.000,1822.9855913088973
2026-06-13 00:00:00.000,1822.9855913088973
2026-06-13 00:00:00.000,1822.9855913088975
2026-06-13 00:00:00.000,1822.9855913088975
2026-06-13 00:00:00.000,1822.9855913088975
2026-06-13 00:00:00.000,1822.9855913088975
2026-06-13 00:00:00.000,1822.9855913088975
2026-06-13 00:00:00.000,1822.9855913088975
2026-06-13 01:00:00.000,1840.8428121204427
2026-06-13 22:00:00.000,1866.5579958853632
2026-06-14 00:00:00.000,1866.5579958853632
2026-06-14 00:00:00.000,1866.5579958853632
2026-06-14 00:00:00.000,1866.5579958853632
2026-06-14 00:00:00.000,1866.5579958853632
2026-06-14 00:00:00.000,1866.5579958853632
2026-06-14 00:00:00.000,1866.5579958853632
2026-06-14 00:30:00.000,1885.765201000636
2026-06-14 01:00:00.000,1868.2615885219925
2026-06-14 04:00:00.000,1888.4001534167758
2026-06-14 17:00:00.000,1905.557159707723
2026-06-14 20:00:00.000,1887.7550414947652
2026-06-14 23:00:00.000,1869.9529232818074
2026-06-15 00:00:00.000,1974.3590791633092
2026-06-15 00:00:00.000,1974.3590791633092
2026-06-15 02:00:00.000,1956.2707403654313
2026-06-15 03:59:59.999,2040.195011940804
2026-06-15 16:00:00.000,2177.19392166661
2026-06-15 16:00:00.000,2195.7226569494846
2026-06-15 19:00:00.000,2219.8078757081926
2026-06-15 22:00:00.000,2281.126282886158
2026-06-15 22:00:00.000,2314.924507319455
2026-06-16 00:00:00.000,2314.924507319455
2026-06-16 01:00:00.000,2332.654661190643
2026-06-16 03:59:00.000,2332.654661190643
2026-06-16 19:00:00.000,2314.852542977685
2026-06-17 01:00:00.000,2296.764204179807
2026-06-17 17:00:00.000,2355.6475198409844
2026-06-17 20:00:00.000,2337.559181043107
2026-06-17 20:00:00.000,2319.4708422452286
2026-06-17 23:00:00.000,2339.4632167060413
2026-06-18 02:00:00.000,2321.3748779081634
2026-06-18 16:00:00.000,2321.3748779081634
2026-06-18 19:00:00.000,2303.2865391102855
2026-06-18 22:00:00.000,2285.1982003124076
2026-06-18 22:00:00.000,2285.1982003124076
2026-06-19 01:00:00.000,2267.1098615145297
2026-06-19 01:00:00.000,2249.021522716652
2026-06-19 19:00:00.000,2230.933183918774
2026-06-19 19:45:00.000,2207.7839388455795
2026-06-19 22:00:00.000,2207.7839388455795
2026-06-20 00:30:00.000,2188.040348053946
2026-06-20 00:30:00.000,2207.4410025198404
2026-06-20 03:00:00.000,2189.170483265552
2026-06-20 17:00:00.000,2170.899964011264
2026-06-20 20:00:00.000,2152.6294447569753
2026-06-20 20:00:00.000,2134.3589255026873
2026-06-21 00:00:00.000,2205.212890415659
2026-06-21 04:00:00.000,2186.942371161371
2026-06-21 14:00:00.000,2168.2767912025174
2026-06-21 14:00:00.000,2149.6112112436635
2026-06-21 19:00:00.000,2191.244033806714
2026-06-21 19:00:00.000,2172.973514552426
2026-06-21 22:00:00.000,2211.944395455889
2026-06-22 01:00:00.000,2211.944395455889
2026-06-22 17:00:00.000,2211.944395455889
2026-06-22 17:00:00.000,2211.944395455889
2026-06-22 17:00:00.000,2211.944395455889
2026-06-22 21:00:00.000,2193.7145395428006
2026-06-22 21:00:00.000,2193.7145395428006
2026-06-23 00:00:00.000,2175.484683629711
2026-06-23 00:00:00.000,2175.484683629711
2026-06-23 00:00:00.000,2175.484683629711
2026-06-23 03:00:00.000,2175.484683629711
2026-06-23 17:00:00.000,2157.2548277166225
2026-06-23 20:00:00.000,2207.8168809095296
2026-06-23 23:00:00.000,2189.1513009506757
2026-06-24 02:00:00.000,2170.485720991822
2026-06-30 00:00:00.000,2300.707388561821
2026-06-30 00:00:00.000,2286.2267602454467
2026-06-30 00:00:00.000,2326.160409078776
2026-06-30 00:00:00.000,2310.549587093744
2026-06-30 00:00:00.000,2351.1150695790084
2026-06-30 00:00:00.000,2386.6050500329493
2026-06-30 00:00:00.000,2372.1489295723613
2026-06-30 00:00:00.000,2353.049072876876
2026-06-30 00:00:00.000,2337.104299049743
2026-06-30 00:00:00.000,2321.1866907735207
2026-06-30 12:00:00.000,2405.6710092284743
2026-07-01 00:00:00.000,2389.0368429830814
2026-07-01 00:00:00.000,2422.660058467188
2026-07-01 00:00:00.000,2452.527521708824
2026-07-01 00:00:00.000,2482.203457690136
2026-07-01 04:00:00.000,2462.3492480472764
2026-07-01 04:00:00.000,2443.45236859587
2026-07-31 00:00:00.000,2507.27354180315
2026-07-31 00:00:00.000,2544.8416300756653
2026-12-31 00:00:00.000,2642.925851729533
2026-12-31 00:00:00.000,2627.8035649536064
2026-12-31 00:00:00.000,2668.9521924190367
2026-12-31 00:00:00.000,2650.863853621159
